scenario,month,beginning_balance,scheduled_principal,prepayment,interest,total_cash_flow,ending_balance
Low Prepayment,1,100000000.0,1666666.6666666667,439651.0750472894,458333.3333333333,2564651.0750472895,97893682.25828604
Low Prepayment,2,97893682.25828604,1666666.6666666667,430233.66969607875,448679.37701714435,2545579.7133798897,95796781.9219233
Low Prepayment,3,95796781.9219233,1666666.6666666667,420858.3698267678,439068.5838088151,2526593.6203022497,93709256.88542986
Low Prepayment,4,93709256.88542986,1666666.6666666667,411524.9871845732,429500.76072488684,2507692.4145761267,91631065.23157862
Low Prepayment,5,91631065.23157862,1666666.6666666667,402233.3343564037,419975.7156447353,2488875.716667806,89562165.23055555
Low Prepayment,6,89562165.23055555,1666666.6666666667,392983.2247670973,410493.2573067129,2470143.148740477,87502515.33912179
Low Prepayment,7,87502515.33912179,1666666.6666666667,383774.4726756747,401053.1953043082,2451494.3346466497,85452074.19977945
Low Prepayment,8,85452074.19977945,1666666.6666666667,374606.89317160985,391655.3400823225,2432928.899920599,83410800.63994117
Low Prepayment,9,83410800.63994117,1666666.6666666667,365480.3021711165,382299.5029330637,2414446.4717708468,81378653.67110339
Low Prepayment,10,81378653.67110339,1666666.6666666667,356394.51641345257,372985.4959925572,2396046.6790726767,79355592.48802327
Low Prepayment,11,79355592.48802327,1666666.6666666667,347349.3534572395,363713.1322367733,2377729.1523606796,77341576.46789937
Low Prepayment,12,77341576.46789937,1666666.6666666667,338344.6316767995,354482.2254778721,2359493.523821338,75336565.1695559
Low Prepayment,13,75336565.1695559,1666666.6666666667,329380.170258508,345292.5903604645,2341339.4272856396,73340518.33263072
Low Prepayment,14,73340518.33263072,1666666.6666666667,320455.78919716325,336144.0423578908,2323266.4982217206,71353395.87676689
Low Prepayment,15,71353395.87676689,1666666.6666666667,311571.30929237197,327036.39776851493,2305274.3737275535,69375157.90080786
Low Prepayment,16,69375157.90080786,1666666.6666666667,302726.55214495066,317969.47371203604,2287362.6925236536,67405764.68199624
Low Prepayment,17,67405764.68199624,1666666.6666666667,293921.34015334357,308943.0881258161,2269531.0949458266,65445176.67517623
Low Prepayment,18,65445176.67517623,1666666.6666666667,285155.4965100564,299957.05976122443,2251779.2229379476,63493354.51199951
Low Prepayment,19,63493354.51199951,1666666.6666666667,276428.84519810614,291011.20817999775,2234106.7200447707,61550259.00013474
Low Prepayment,20,61550259.00013474,1666666.6666666667,267741.2109874867,282105.35375061753,2216513.231404771,59615851.122480586
Low Prepayment,21,59615851.122480586,1666666.6666666667,259092.41943165017,273239.3176447027,2198998.4037430193,57690092.03638227
Low Prepayment,22,57690092.03638227,1666666.6666666667,250482.296864004,264412.9218334188,2181561.8853640896,55772943.0728516
Low Prepayment,23,55772943.0728516,1666666.6666666667,241910.67039442374,255625.98908390317,2164203.326144994,53864365.735790506
Low Prepayment,24,53864365.735790506,1666666.6666666667,233377.36790578166,246878.3429557065,2146922.3775281548,51964321.70121806
Low Prepayment,25,51964321.70121806,1666666.6666666667,224882.2180504905,238169.80779724944,2129718.692514407,50072772.8165009
Low Prepayment,26,50072772.8165009,1666666.6666666667,216425.0502470627,229500.2087422958,2112591.9256560253,48189681.09958717
Low Prepayment,27,48189681.09958717,1666666.6666666667,208005.6946766854,220869.37170644122,2095541.7330497934,46315008.73824382
Low Prepayment,28,46315008.73824382,1666666.6666666667,199623.98227981036,212277.1233836175,2078567.7723300946,44448718.08929734
Low Prepayment,29,44448718.08929734,1666666.6666666667,191279.7447527593,203723.29124261282,2061669.7026620388,42590771.67787791
Low Prepayment,30,42590771.67787791,1666666.6666666667,182972.81454434432,195207.70352360708,2044847.184734618,40741132.1966669
Low Prepayment,31,40741132.1966669,1666666.6666666667,174703.02485250364,186730.18923472328,2028099.8807538936,38899762.505147725
Low Prepayment,32,38899762.505147725,1666666.6666666667,166470.2096209521,178290.57814859375,2011427.4544362125,37066625.62886011
Low Prepayment,33,37066625.62886011,1666666.6666666667,158274.2035358469,169888.70079894215,1994829.571001456,35241684.7586576
Low Prepayment,34,35241684.7586576,1666666.6666666667,150114.84202246787,161524.38847718065,1978305.8971663152,33424903.24996846
Low Prepayment,35,33424903.24996846,1666666.6666666667,141991.96124191312,153197.4732290221,1961856.1011376018,31616244.62205988
Low Prepayment,36,31616244.62205988,1666666.6666666667,133905.3980878091,144907.7878511078,1945479.8526055836,29815672.557305407
Low Prepayment,37,29815672.557305407,1666666.6666666667,125854.9901830353,136655.16588764978,1929176.822737352,28023150.900455706
Low Prepayment,38,28023150.900455706,1666666.6666666667,117840.57587646393,128439.44162708866,1912946.6841702193,26238643.657912575
Low Prepayment,39,26238643.657912575,1666666.6666666667,109861.99423971381,120260.45009876597,1896789.1110051465,24462114.997006193
Low Prepayment,40,24462114.997006193,1666666.6666666667,101919.0850639191,112118.02706961172,1880703.7788001976,22693529.245275605
Low Prepayment,41,22693529.245275605,1666666.6666666667,94011.68885651228,104012.00904084652,1864690.3645640255,20932850.889752425
Low Prepayment,42,20932850.889752425,1666666.6666666667,86139.6468380215,95942.23324469861,1848748.546749387,19180044.576247737
Low Prepayment,43,19180044.576247737,1666666.6666666667,78302.80093888238,87908.53764113547,1832878.0052466847,17435075.108642187
Low Prepayment,44,17435075.108642187,1666666.6666666667,70500.993796264,79910.76091461003,1817078.4213775408,15697907.448179256
Low Prepayment,45,15697907.448179256,1666666.6666666667,62734.068750908955,71948.74247082158,1801349.4778883974,13968506.71276168
Low Prepayment,46,13968506.71276168,1666666.6666666667,55001.86984398783,64022.322433491034,1785690.8589441455,12246838.176251026
Low Prepayment,47,12246838.176251026,1666666.6666666667,47304.24181396746,56131.34164115054,1770102.2501217849,10532867.267770391
Low Prepayment,48,10532867.267770391,1666666.6666666667,39641.030093493326,48275.64164394762,1754583.3384041078,8826559.57101023
Low Prepayment,49,8826559.57101023,1666666.6666666667,32012.080806285838,40455.064700463554,1739133.8121734161,7127880.823537277
Low Prepayment,50,7127880.823537277,1666666.6666666667,24417.24076405058,32669.453774545855,1723753.361205263,5436796.916106559
Low Prepayment,51,5436796.916106559,1666666.6666666667,16856.357463402248,24918.652532155065,1708441.676662224,3753273.8919764906
Low Prepayment,52,3753273.8919764906,1666666.6666666667,9329.279082802432,17202.505338225583,1693198.4510876946,2077277.9462270215
Low Prepayment,53,2077277.9462270215,1666666.6666666667,1835.8544795110483,9520.857253540515,1678023.3783997183,408775.42508084374
Low Prepayment,54,408775.42508084374,408775.42508084374,0.0,1873.5540316205338,410648.9791124643,0.0
Base Prepayment,1,100000000.0,1666666.6666666667,916522.6706195592,458333.3333333333,3041522.6706195595,97416810.66271378
Base Prepayment,2,97416810.66271378,1666666.6666666667,892445.8747877742,446493.71553743817,3005606.256991879,94857698.12125935
Base Prepayment,3,94857698.12125935,1666666.6666666667,868593.4884056404,434764.4497224387,2970024.604794746,92322437.96618704
Base Prepayment,4,92322437.96618704,1666666.6666666667,844963.4198492788,423144.507345024,2934774.5938609694,89810807.8796711
Base Prepayment,5,89810807.8796711,1666666.6666666667,821553.5969899361,411632.86944849254,2899853.1331050955,87322587.6160145
Base Prepayment,6,87322587.6160145,1666666.6666666667,798361.9670122792,400228.5265733998,2865257.1602523457,84857558.98233555
Base Prepayment,7,84857558.98233555,1666666.6666666667,775386.4962343832,388930.4786690379,2830983.641570088,82415505.81943451
Base Prepayment,8,82415505.81943451,1666666.6666666667,752625.1699293967,377737.7350057415,2797029.571601805,79996213.98283845
Base Prepayment,9,79996213.98283845,1666666.6666666667,730075.9921488701,366649.3140880096,2763391.9729035464,77599471.32402292
Base Prepayment,10,77599471.32402292,1666666.6666666667,707736.9855477301,355664.2435684384,2730067.8957828353,75225067.67180853
Base Prepayment,11,75225067.67180853,1666666.6666666667,685606.1912108856,344781.5601624557,2697054.4180400083,72872794.81393097
Base Prepayment,12,72872794.81393097,1666666.6666666667,663681.6684814501,334000.3095638503,2664348.6447119666,70542446.47878286
Base Prepayment,13,70542446.47878286,1666666.6666666667,641961.4947905641,323319.5463610881,2631947.707818319,68233818.31732564
Base Prepayment,14,68233818.31732564,1666666.6666666667,620443.7654888051,312738.3339544092,2599848.766109881,65946707.88517016
Base Prepayment,15,65946707.88517016,1666666.6666666667,599126.5936791679,302255.74447369657,2568049.0048195315,63680914.62482433
Base Prepayment,16,63680914.62482433,1666666.6666666667,578008.1100516022,291870.85869711154,2536545.635415381,61436239.848106064
Base Prepayment,17,61436239.848106064,1666666.6666666667,557086.4627190918,281582.7659704861,2505335.895356245,59212486.7187203
Base Prepayment,18,59212486.7187203,1666666.6666666667,536359.8170552623,271390.56412746804,2474417.047849397,57009460.234998375
Base Prepayment,19,57009460.234998375,1666666.6666666667,515826.3555335019,261293.35941040923,2443786.381610578,54826967.21279821
Base Prepayment,20,54826967.21279821,1666666.6666666667,495484.27756758203,251290.26639199178,2413441.2106262404,52664816.268563956
Base Prepayment,21,52664816.268563956,1666666.6666666667,475331.7993537633,241380.4078975848,2383378.8739180146,50522817.80254353
Base Prepayment,22,50522817.80254353,1666666.6666666667,455367.153714373,231562.91492832452,2353596.7353093643,48400783.98216249
Base Prepayment,23,48400783.98216249,1666666.6666666667,435588.5899428409,221836.92658491142,2324092.1831944194,46298528.72555298
Base Prepayment,24,46298528.72555298,1666666.6666666667,415994.37365017907,212201.58999211784,2294862.6303089634,44215867.68523614
Base Prepayment,25,44215867.68523614,1666666.6666666667,396582.7866128926,202656.06022399897,2265905.513503558,42152618.23195658
Base Prepayment,26,42152618.23195658,1666666.6666666667,377352.1266223082,193199.500229801,2237218.293518776,40108599.4386676
Base Prepayment,27,40108599.4386676,1666666.6666666667,358300.70733530703,183831.08076055985,2208798.454762534,38083632.06466563
Base Prepayment,28,38083632.06466563,1666666.6666666667,339426.8581264484,174549.98029638414,2180643.5050894995,36077538.53987251
Base Prepayment,29,36077538.53987251,1666666.6666666667,320728.9239414722,165355.38497441568,2152750.975582555,34090142.94926437
Base Prepayment,30,34090142.94926437,1666666.6666666667,302205.26515216666,156246.4885174617,2125118.420336295,32121271.01744554
Base Prepayment,31,32121271.01744554,1666666.6666666667,283854.2574125888,147222.49216329205,2097743.416242548,30170750.093366284
Base Prepayment,32,30170750.093366284,1666666.6666666667,265674.2915166249,138282.60459459547,2070623.562777887,28238409.13518299
Base Prepayment,33,28238409.13518299,1666666.6666666667,247663.77325687875,129426.0418695887,2043756.4817931342,26324078.695259444
Base Prepayment,34,26324078.695259444,1666666.6666666667,229821.1232848749,120652.02735327245,2017139.8173048142,24427590.905307904
Base Prepayment,35,24427590.905307904,1666666.6666666667,212144.77697256533,111959.79164932789,1990771.23528856,22548779.46166867
Base Prepayment,36,22548779.46166867,1666666.6666666667,194633.1842751265,103348.57253264808,1964648.4234744413,20687479.610726878
Base Prepayment,37,20687479.610726878,1666666.6666666667,177284.8095950354,94817.6148824982,1938769.0911442004,18843528.134465177
Base Prepayment,38,18843528.134465177,1666666.6666666667,160098.13164741246,86366.17061629872,1913130.9689303779,17016763.336151097
Base Prepayment,39,17016763.336151097,1666666.6666666667,143071.64332661973,77993.49862402586,1887731.8086173122,15207025.026157811
Base Prepayment,40,15207025.026157811,1666666.6666666667,126203.85157410202,69698.8647032233,1862569.382943992,13414154.507917043
Base Prepayment,41,13414154.507917043,1666666.6666666667,109493.27724746031,61481.54149461978,1837641.4854087469,11637994.564002916
Base Prepayment,42,11637994.564002916,1666666.6666666667,92938.4549907451,53340.8084183467,1812945.9300757586,9878389.442345504
Base Prepayment,43,9878389.442345504,1666666.6666666667,76537.93310595893,45275.95161075023,1788480.551383376,8135184.842572878
Base Prepayment,44,8135184.842572878,1666666.6666666667,60290.27342575649,37286.26386179236,1764243.2039542156,6408227.902480455
Base Prepayment,45,6408227.902480455,1666666.6666666667,44194.05118733116,29371.04455303542,1740231.7624070332,4697367.184626457
Base Prepayment,46,4697367.184626457,1666666.6666666667,28247.854907477173,21529.599596204596,1716444.1211703487,3002452.663052313
Base Prepayment,47,3002452.663052313,1666666.6666666667,12450.286258816084,13761.241372323102,1692878.194297806,1323335.7101268303
Base Prepayment,48,1323335.7101268303,1323335.7101268303,0.0,6065.288671414639,1329400.9987982449,0.0
High Prepayment,1,100000000.0,1666666.6666666667,1505338.8116205325,458333.3333333333,3630338.811620533,96827994.5217128
High Prepayment,2,96827994.5217128,1666666.6666666667,1456780.069683529,443794.97489118367,3567241.7112413794,93704547.7853626
High Prepayment,3,93704547.7853626,1666666.6666666667,1408964.6907181991,429479.1773495786,3505110.5347344447,90628916.42797774
High Prepayment,4,90628916.42797774,1666666.6666666667,1361881.2949299763,415382.5336282313,3443930.4952248745,87600368.4663811
High Prepayment,5,87600368.4663811,1666666.6666666667,1315518.676732224,401501.6888042467,3383687.032203137,84618183.12298222
High Prepayment,6,84618183.12298222,1666666.6666666667,1269865.8020793672,387833.3393136685,3324365.8080597026,81681650.65423618
High Prepayment,7,81681650.65423618,1666666.6666666667,1224911.8058408524,374374.2321652492,3265952.7046727682,78790072.18172866
High Prepayment,8,78790072.18172866,1666666.6666666667,1180645.989215307,361121.1641662564,3208433.8200482302,75942759.52584669
High Prepayment,9,75942759.52584669,1666666.6666666667,1137057.8171842818,348070.98116013064,3151795.4650110793,73139035.04199573
High Prepayment,10,73139035.04199573,1666666.6666666667,1094136.9160049774,335220.5772758138,3096024.1599474577,70378231.45932409
High Prepayment,11,70378231.45932409,1666666.6666666667,1051873.0707413508,322566.89418856875,3041106.6315965867,67659691.72191608
High Prepayment,12,67659691.72191608,1666666.6666666667,1010256.2228330155,310106.92039211537,2987029.8098917976,64982768.8324164
High Prepayment,13,64982768.8324164,1666666.6666666667,969276.4677013621,297837.6904819085,2933780.8248499376,62346825.69804837
High Prepayment,14,62346825.69804837,1666666.6666666667,928924.0523923227,285756.28444938833,2881347.003508378,59751234.97898938
High Prepayment,15,59751234.97898938,1666666.6666666667,889189.3732552222,273859.82698703464,2829715.8669089237,57195378.93906749
High Prepayment,16,57195378.93906749,1666666.6666666667,850062.9736571629,262145.48680405936,2778875.127127889,54678649.29874366
High Prepayment,17,54678649.29874366,1666666.6666666667,811535.5417323976,250610.4759525751,2728812.6843516394,52200447.09034459
High Prepayment,18,52200447.09034459,1666666.6666666667,773597.9081661586,239252.0491640794,2679516.623996905,49760182.515511766
High Prepayment,19,49760182.515511766,1666666.6666666667,736241.0440124109,228067.50319609558,2630975.213875173,47357274.80483269
High Prepayment,20,47357274.80483269,1666666.6666666667,699456.058545013,217054.1761888165,2583176.9014004963,44991152.07962101
High Prepayment,21,44991152.07962101,1666666.6666666667,663234.1971417741,206209.4470315963,2536110.310840037,42661251.21581257
High Prepayment,22,42661251.21581257,1666666.6666666667,627566.8392009025,195530.73473914096,2489764.2406067103,40367017.709945
High Prepayment,23,40367017.709945,1666666.6666666667,592445.4960893496,185015.4978372479,2444127.6605932643,38107905.54718898
High Prepayment,24,38107905.54718898,1666666.6666666667,557861.8091225636,174661.2337579495,2399189.7095471798,35883377.07139975
High Prepayment,25,35883377.07139975,1666666.6666666667,523807.5475751676,164465.4782439155,2354939.6924857497,33692902.857157916
High Prepayment,26,33692902.857157916,1666666.6666666667,490274.6067220941,154425.8047619738,2311367.078150735,31535961.583769154
High Prepayment,27,31535961.583769154,1666666.6666666667,457255.0059097044,144539.82392560862,2268461.49650198,29412039.911192782
High Prepayment,28,29412039.911192782,1666666.6666666667,424740.8866564379,134805.18292630024,2226212.736249405,27320632.357869677
High Prepayment,29,27320632.357869677,1666666.6666666667,392724.5107825368,125219.56497356936,2184610.742422773,25261241.180420473
High Prepayment,30,25261241.180420473,1666666.6666666667,361198.2585684026,115780.68874359384,2143645.613978663,23233376.255185403
High Prepayment,31,23233376.255185403,1666666.6666666667,330154.6269411451,106486.30783626642,2103307.601444078,21236554.96157759
High Prepayment,32,21236554.96157759,1666666.6666666667,299586.2276888927,97334.21024056396,2063587.1045961236,19270302.067222033
High Prepayment,33,19270302.067222033,1666666.6666666667,269485.78570243885,88322.21780810098,2024474.6701772064,17334149.614852928
High Prepayment,34,17334149.614852928,1666666.6666666667,239846.13724380676,79448.18573474258,1985960.9896452161,15427636.810942454
High Prepayment,35,15427636.810942454,1666666.6666666667,210660.22824131942,70710.00205015292,1948036.8969581393,13550309.916034468
High Prepayment,36,13550309.916034468,1666666.6666666667,181921.11261076975,62105.58711515798,1910693.3663925943,11701722.136757031
High Prepayment,37,11701722.136757031,1666666.6666666667,153621.95060229106,53632.89312680306,1873921.5103957609,9881433.519488074
High Prepayment,38,9881433.519488074,1666666.6666666667,125756.00717253477,45289.903630987006,1837712.5774701885,8089010.845648873
High Prepayment,39,8089010.845648873,1666666.6666666667,98316.65038176731,37074.63304255733,1802057.9500909916,6324027.5286004385
High Prepayment,40,6324027.5286004385,1666666.6666666667,71297.34981550538,28985.12617275201,1766949.1426549242,4586063.512118267
High Prepayment,41,4586063.512118267,1666666.6666666667,44691.67503031366,21019.45776387539,1732377.7994608558,2874705.1704212865
High Prepayment,42,2874705.1704212865,1666666.6666666667,18493.294023394836,13175.732031097563,1698335.6927211592,1189545.209731225
High Prepayment,43,1189545.209731225,1189545.209731225,0.0,5452.082211268114,1194997.291942493,0.0
