vintage_year,monthly_reporting_period,beginning_active_upb,voluntary_payoff_balance,voluntary_payoff_events,smm,cpr,credit_event_balance,credit_events,mdr,cdr
2006,200601,0.0,0.0,,,,0.0,,,
2006,200602,8462000.0,0.0,2.0,0.0,0.0,0.0,0.0,0.0,0.0
2006,200603,555477000.0,1304000.0,10.0,0.00234753,0.02780949,0.0,0.0,0.0,0.0
2006,200604,1212484227.13,3501227.13,25.0,0.00288765,0.03410669,0.0,0.0,0.0,0.0
2006,200605,1927157000.0,4464000.0,34.0,0.00231637,0.02744498,0.0,0.0,0.0,0.0
2006,200606,2534434000.0,9048000.0,52.0,0.00357003,0.04200909,0.0,0.0,0.0,0.0
2006,200607,3177078000.0,10525000.0,59.0,0.00331279,0.03903713,0.0,0.0,0.0,0.0
2006,200608,3923639000.0,15008000.0,95.0,0.00382502,0.04494682,0.0,0.0,0.0,0.0
2006,200609,4634365055.62,21663948.48,122.0,0.00467463,0.05467557,0.0,0.0,0.0,0.0
2006,200610,5330847726.36,40565960.49,191.0,0.00760966,0.08758941,0.0,0.0,0.0,0.0
2006,200611,5921055545.56,49453527.93,239.0,0.00835215,0.09574752,0.0,0.0,0.0,0.0
2006,200612,6606659874.34,67494667.2,311.0,0.01021616,0.11593473,0.0,0.0,0.0,0.0
2006,200701,7248203386.61,58821200.68,277.0,0.00811528,0.09315221,0.0,0.0,0.0,0.0
2006,200702,8037149427.64,51568759.04,269.0,0.0064163,0.07433573,0.0,0.0,0.0,0.0
2006,200703,8068430533.74,71689955.57,358.0,0.00888524,0.10156365,0.0,0.0,0.0,0.0
2006,200704,8157309179.45,76992950.95,411.0,0.00943852,0.10756373,0.0,0.0,0.0,0.0
2006,200705,8096000049.35,73215920.9,404.0,0.00904347,0.10328331,0.0,0.0,0.0,0.0
2006,200706,8022428357.82,62067808.96,351.0,0.00773679,0.08899094,69576.6,1.0,8.67e-06,0.00010407
2006,200707,7953815293.38,55277026.06,346.0,0.00694975,0.08028197,352833.94,2.0,4.436e-05,0.00053219
2006,200708,7892946053.81,55017725.2,325.0,0.00697049,0.08051248,764341.7,4.0,9.684e-05,0.00116144
2006,200709,7842514000.2,38152240.75,238.0,0.0048648,0.05684065,348286.56,1.0,4.441e-05,0.00053279
2006,200710,7800433107.38,53874899.46,326.0,0.00690665,0.0798029,564090.36,3.0,7.232e-05,0.00086744
2006,200711,7738545633.0,46211306.74,277.0,0.00597158,0.06935159,684674.16,5.0,8.848e-05,0.00106119
2006,200712,7683425165.36,71522268.45,422.0,0.00930864,0.10615856,1198901.73,5.0,0.00015604,0.00187084
2006,200801,7602885285.22,92979533.28,477.0,0.01222951,0.13727459,732766.8,3.0,9.638e-05,0.00115595
2006,200802,7498237743.82,173375662.63,851.0,0.02312219,0.24476354,908247.99,6.0,0.00012113,0.00145257
2006,200803,7355155856.1,158597958.33,844.0,0.02156283,0.23016912,1095089.06,7.0,0.00014889,0.00178518
2006,200804,7188439009.83,120430135.63,650.0,0.01675331,0.18351178,647334.59,4.0,9.005e-05,0.00108009
2006,200805,7055196542.98,84715608.37,485.0,0.01200755,0.13494539,1301560.38,8.0,0.00018448,0.00221155
2006,200806,6988651864.12,69185375.89,425.0,0.00989967,0.11253662,2171848.09,12.0,0.00031077,0.00372285
2006,200807,6925187983.48,53141937.49,341.0,0.00767372,0.08829586,1767048.0,9.0,0.00025516,0.00305766
2006,200808,6857333815.48,39792278.48,265.0,0.00580288,0.06745454,2474782.6,14.0,0.0003609,0.00432216
2006,200809,6800809535.98,31964127.11,217.0,0.00470005,0.0549652,2235537.54,10.0,0.00032872,0.00393747
2006,200810,6755781567.78,49608873.56,323.0,0.00734317,0.0846449,2992762.38,14.0,0.00044299,0.00530298
2006,200811,6691778078.17,28763541.64,187.0,0.00429834,0.05037799,1313615.17,7.0,0.0001963,0.00235309
2006,200812,6649678039.53,55885734.79,331.0,0.00840428,0.09631778,4446737.98,24.0,0.00066871,0.00799513
2006,200901,6579654459.44,128118515.81,695.0,0.01947192,0.21019402,2428583.9,14.0,0.00036911,0.00442028
2006,200902,6437798362.88,196366083.8,1016.0,0.03050206,0.31045485,2901311.0,17.0,0.00045067,0.00539463
2006,200903,6227284209.81,194103602.73,1039.0,0.03116986,0.31613296,3493026.04,20.0,0.00056092,0.00671035
2006,200904,6019316026.47,177055165.24,955.0,0.0294145,0.3011152,2475059.99,13.0,0.00041119,0.00492309
2006,200905,5828958490.18,165179852.08,930.0,0.0283378,0.2917547,4468870.12,24.0,0.00076667,0.00916131
2006,200906,5648042562.78,173402857.47,983.0,0.03070141,0.31215437,4651884.67,24.0,0.00082363,0.00983888
2006,200907,5460220498.96,125978798.86,737.0,0.02307211,0.24429881,6715425.76,37.0,0.00122988,0.01465916
2006,200908,5317393367.86,96935346.99,562.0,0.01822986,0.19810442,5346818.91,31.0,0.00100553,0.0119999
2006,200909,5205617796.73,73981230.53,438.0,0.01421181,0.15782305,6486558.09,35.0,0.00124607,0.01485077
2006,200910,5115818630.39,78987565.32,464.0,0.01543987,0.17032702,9535908.14,47.0,0.001864,0.02214015
2006,200911,5018688133.21,84137891.63,479.0,0.01676492,0.18362745,8353719.19,45.0,0.00166452,0.01979242
2006,200912,4916914209.37,99002963.39,547.0,0.02013518,0.21658123,6000989.31,33.0,0.00122048,0.01454783
2006,201001,4801560076.42,78594099.03,424.0,0.01636845,0.17966848,7527796.73,36.0,0.00156778,0.018652
2006,201002,4706696737.61,66688577.32,372.0,0.01416887,0.15738278,8297969.94,42.0,0.00176301,0.02095222
2006,201003,4622773899.51,80109085.34,481.0,0.01732922,0.18923221,9745167.2,49.0,0.00210808,0.02500568
2006,201004,4524028583.2,71547240.79,447.0,0.01581494,0.17411188,9382032.12,52.0,0.00207382,0.02460397
2006,201005,4435007739.51,60177803.66,390.0,0.01356882,0.15120753,7451269.55,43.0,0.0016801,0.01997597
2006,201006,4359327842.81,66720881.89,402.0,0.01530531,0.16896535,9003147.49,47.0,0.00206526,0.02450354
2006,201007,4280533504.12,73182867.12,426.0,0.01709667,0.18692674,9054947.79,44.0,0.00211538,0.02509127
2006,201008,4190809043.39,82972501.65,518.0,0.01979868,0.21334668,9490062.26,50.0,0.00226449,0.02683803
2006,201009,4091171029.49,93058470.82,545.0,0.02274617,0.2412677,11567591.88,64.0,0.00282745,0.03340674
2006,201010,3978235859.2,90877748.24,556.0,0.02284373,0.24217614,9918157.48,45.0,0.0024931,0.02951042
2006,201011,3868355450.64,99103257.48,585.0,0.02561896,0.26760415,9027406.23,46.0,0.00233365,0.02764721
2006,201012,3753297372.32,100724329.85,581.0,0.02683622,0.2785085,12222710.57,61.0,0.00325653,0.03838593
2006,201101,3632522143.66,67448636.32,416.0,0.01856799,0.20141229,9412075.96,51.0,0.00259106,0.03065341
2006,201102,3547832762.62,59169339.06,363.0,0.0166776,0.18275705,12495865.78,71.0,0.00352211,0.04145614
2006,201103,3469942741.6,56161363.62,358.0,0.0161851,0.17783164,16841452.16,78.0,0.00485352,0.05671243
2006,201104,3390215551.09,48035500.23,304.0,0.01416886,0.1573827,11251198.35,65.0,0.00331873,0.03910578
2006,201105,3324370856.5,36290915.92,247.0,0.01091663,0.12341342,12143046.63,66.0,0.00365274,0.04296285
2006,201106,3270562527.82,44189212.51,284.0,0.0135112,0.15061238,11787710.11,64.0,0.00360418,0.04240308
2006,201107,3207204206.67,38723360.56,251.0,0.01207387,0.13564195,8788811.23,50.0,0.00274033,0.03239289
2006,201108,3153808798.3,48421093.75,305.0,0.01535321,0.1694503,11199067.83,57.0,0.00355097,0.04178915
2006,201109,3088478022.36,38252796.95,259.0,0.01238565,0.13890966,11414553.76,57.0,0.00369585,0.04345971
2006,201110,3033338594.03,43347278.79,283.0,0.01429029,0.15862727,9663874.68,46.0,0.00318589,0.03756782
2006,201111,2974121309.14,43821359.6,303.0,0.01473422,0.16316317,8695291.34,46.0,0.00292365,0.03452512
2006,201112,2914923136.91,45440633.1,306.0,0.01558896,0.17183345,11472289.31,60.0,0.00393571,0.04621948
2006,201201,2851486666.01,40138853.33,276.0,0.01407647,0.15643451,5613700.9,33.0,0.00196869,0.02337018
2006,201202,2799694345.04,49650308.12,310.0,0.01773419,0.1932326,11831692.98,51.0,0.00422607,0.0495505
2006,201203,2732877809.39,61146182.94,379.0,0.02237428,0.23779568,10688291.1,60.0,0.003911,0.04593554
2006,201204,2655667484.2,68934111.67,402.0,0.02595736,0.27065058,11103670.22,60.0,0.00418112,0.0490356
2006,201205,2570063045.9,76527106.81,476.0,0.02977635,0.30423551,11549011.36,62.0,0.00449367,0.05261104
2006,201206,2476970132.74,66926019.77,408.0,0.02701931,0.28013565,13231782.13,75.0,0.00534192,0.06225282
2006,201207,2391737988.04,60920699.56,398.0,0.02547131,0.26627123,11363560.16,60.0,0.00475117,0.05554756
2006,201208,2315232662.02,65498095.0,420.0,0.02829007,0.29133711,10871734.92,68.0,0.00469574,0.05491614
2006,201209,2233935649.42,52906128.96,347.0,0.02368292,0.2499493,9944076.96,57.0,0.00445137,0.0521279
2006,201210,2166683834.22,57331748.92,376.0,0.0264606,0.27515958,10815788.38,58.0,0.00499186,0.05828478
2006,201211,2093838623.21,51964583.57,351.0,0.02481786,0.26034552,10776989.92,58.0,0.005147,0.06004522
2006,201212,2026503399.69,49197923.63,343.0,0.02427725,0.25541002,6944499.19,41.0,0.00342684,0.04035579
2006,201301,1966380366.98,45577400.74,323.0,0.02317832,0.24528417,8801315.62,44.0,0.0044759,0.05240807
2006,201302,1906666211.87,49139883.75,335.0,0.02577267,0.26898937,6447464.39,41.0,0.00338154,0.0398322
2006,201303,1846756184.46,44868795.98,314.0,0.024296,0.25558177,10404735.64,55.0,0.00563406,0.06555256
2006,201304,1786684577.52,56280320.01,383.0,0.03149986,0.31892297,8086015.91,49.0,0.00452571,0.05297689
2006,201305,1718554122.69,46422084.97,298.0,0.02701229,0.28007335,10476599.86,61.0,0.00609617,0.07075044
2006,201306,1656771016.11,42843991.17,311.0,0.02585994,0.26977472,5423716.3,31.0,0.00327367,0.03858435
2006,201307,1604825889.65,48961090.04,332.0,0.03050866,0.31051122,6027190.78,35.0,0.00375567,0.04414862
2006,201308,1546353708.86,46973167.62,310.0,0.03037673,0.30938444,6888067.88,43.0,0.00445439,0.05216243
2006,201309,1489311201.13,34540406.24,247.0,0.0231922,0.24541283,5402537.16,30.0,0.00362754,0.04267241
2006,201310,1446738118.98,32012611.89,216.0,0.02212744,0.23548306,5821893.66,34.0,0.00402415,0.04723524
2006,201311,1404524715.07,29392463.91,193.0,0.02092698,0.22414425,4896478.98,26.0,0.00348622,0.04104172
2006,201312,1367439652.65,23045771.97,167.0,0.01685323,0.1845069,5937299.09,34.0,0.00434191,0.0508765
2006,201401,1335405159.94,21357000.04,153.0,0.0159929,0.17590213,5701411.47,39.0,0.00426942,0.050047
2006,201402,1304947759.52,18202250.54,142.0,0.01394864,0.15512118,3760874.91,23.0,0.00288201,0.03404118
2006,201403,1279847723.78,16360599.71,131.0,0.01278324,0.14306034,5098615.14,30.0,0.00398377,0.04677154
2006,201404,1255500695.17,15311953.57,123.0,0.01219589,0.13692224,4671101.6,29.0,0.00372051,0.04374376
2006,201405,1232840594.61,16656499.33,137.0,0.01351067,0.15060692,5410553.18,30.0,0.00438869,0.05141148
2006,201406,1208159352.26,13344940.25,115.0,0.01104568,0.12478493,5742736.74,39.0,0.00475329,0.05557171
2006,201407,1186965543.77,15582837.54,122.0,0.0131283,0.14664772,4653420.02,26.0,0.00392043,0.04604394
2006,201408,1163700327.44,17038453.93,126.0,0.01464162,0.16221884,3007667.46,22.0,0.00258457,0.03057776
2006,201409,1135543776.36,13202984.97,107.0,0.01162702,0.13093873,6565300.94,41.0,0.00578164,0.0672154
2006,201410,1113426662.43,13711311.93,108.0,0.01231452,0.13816516,4400162.54,30.0,0.00395191,0.04640562
2006,201411,1092545759.75,12537364.25,98.0,0.01147537,0.12933728,3678138.81,21.0,0.00336658,0.03965922
2006,201412,1073519512.19,13731142.99,112.0,0.01279077,0.1431388,3155200.59,18.0,0.00293912,0.03470483
2006,201501,1053790143.12,11462751.82,97.0,0.01087764,0.12299872,2574573.35,14.0,0.00244316,0.0289271
2006,201502,1037529760.06,11457329.02,89.0,0.01104289,0.12475533,4199509.96,27.0,0.0040476,0.04750442
2006,201503,1019546334.79,15113623.43,109.0,0.01482387,0.16407645,5252468.49,32.0,0.00515177,0.06009929
2006,201504,993682082.71,14034688.31,110.0,0.01412392,0.15692164,2922477.1,19.0,0.00294106,0.03472737
2006,201505,974096192.45,13345288.21,122.0,0.01370017,0.1525629,2143786.9,18.0,0.0022008,0.02609221
2006,201506,950921349.77,12391830.06,95.0,0.01303139,0.14564165,4004771.31,26.0,0.00421146,0.04938325
2006,201507,932134489.97,12627335.72,109.0,0.01354669,0.15097902,3014883.02,22.0,0.00323439,0.03812958
2006,201508,913111462.85,10861678.88,90.0,0.01189524,0.13376465,2821919.11,19.0,0.00309044,0.03646141
2006,201509,897118460.26,11256540.19,98.0,0.01254744,0.14060093,2480588.37,18.0,0.00276506,0.03268076
2006,201510,879941754.7,11866032.8,105.0,0.01348502,0.15034189,1964138.18,13.0,0.00223212,0.02645907
2006,201511,861448214.51,7883264.76,78.0,0.00915118,0.10445219,2690428.57,14.0,0.00312315,0.03684064
2006,201512,848295119.1,8469699.78,77.0,0.00998438,0.11344728,2578531.54,13.0,0.00303966,0.03587229
2006,201601,834654029.87,7473945.99,70.0,0.00895454,0.10231721,2661748.93,15.0,0.00318904,0.0376044
2006,201602,822314722.71,8126598.58,79.0,0.00988259,0.11235284,1717747.79,10.0,0.00208892,0.02478101
2006,201603,807524541.61,12084924.55,103.0,0.0149654,0.16551632,2761473.58,17.0,0.00341968,0.04027304
2006,201604,790181090.29,8446619.69,76.0,0.01068947,0.12099456,2132416.16,14.0,0.00269864,0.03190735
2006,201605,776343022.94,9867034.01,101.0,0.01270963,0.1422933,2041786.88,12.0,0.00263001,0.03110753
2006,201606,759692078.65,7055821.71,70.0,0.00928774,0.1059322,2430558.38,18.0,0.0031994,0.03772436
2006,201607,748382924.85,8259062.16,73.0,0.01103588,0.12468083,669538.61,4.0,0.00089465,0.0106831
2006,201608,737340350.26,7766494.43,74.0,0.01053312,0.11932607,1398800.02,8.0,0.00189709,0.02252903
2006,201609,724476714.1,9895788.95,86.0,0.01365922,0.15214057,316776.8,4.0,0.00043725,0.00523439
2006,201610,712086435.12,10898536.74,92.0,0.01530508,0.16896294,756669.45,5.0,0.00106261,0.01267705
2006,201611,698505404.46,7496102.57,70.0,0.01073163,0.12144395,1473142.14,10.0,0.00210899,0.0250164
2006,201612,687441308.48,8785415.11,79.0,0.01277988,0.14302532,273314.3,2.0,0.00039758,0.00476057
2006,201701,666869815.9,6871218.38,67.0,0.01030369,0.11687247,922295.64,6.0,0.00138302,0.0164706
2006,201702,657437995.48,7724920.95,65.0,0.01175004,0.1322359,831890.69,7.0,0.00126535,0.015079
2006,201703,647028184.86,9387387.83,72.0,0.01450847,0.16085935,1075257.54,9.0,0.00166184,0.01976082
2006,201704,634725362.07,4917066.25,62.0,0.00774676,0.08910085,1565494.1,9.0,0.00246641,0.02919873
2006,201705,626385605.0,4705471.27,50.0,0.0075121,0.08651242,1283398.05,7.0,0.00204889,0.02431155
2006,201706,614472507.43,6711036.72,60.0,0.01092162,0.12346655,872832.93,5.0,0.00142046,0.01691297
2006,201707,605109037.02,5446189.5,56.0,0.00900034,0.10281492,1136131.88,6.0,0.00187757,0.02229957
2006,201708,597563795.56,6473471.65,61.0,0.01083311,0.12252475,82591.04,2.0,0.00013821,0.00165729
2006,201709,581403770.29,6316154.82,60.0,0.01086363,0.12284962,1007296.39,8.0,0.00173252,0.02059333
2006,201710,572445544.81,6985746.82,70.0,0.01220334,0.13700029,563719.71,4.0,0.00098476,0.01175329
2006,201711,558371476.82,6144690.6,53.0,0.01100466,0.12434926,226806.64,2.0,0.00040619,0.00486344
2006,201712,548208222.63,7277157.02,64.0,0.01327444,0.14816292,501371.25,3.0,0.00091456,0.01091973
2006,201801,531793378.55,3874647.47,47.0,0.007286,0.08401207,1170855.45,6.0,0.00220171,0.02610293
2006,201802,525563216.16,3096990.18,42.0,0.00589271,0.06846513,615249.58,6.0,0.00117065,0.01395768
2006,201803,519988311.27,4466261.43,46.0,0.00858916,0.09833758,301782.24,2.0,0.00058036,0.00694217
2006,201804,501021751.3,4367083.17,48.0,0.00871635,0.09972479,744925.41,4.0,0.00148681,0.01769657
2006,201805,494290583.85,4958978.61,53.0,0.01003252,0.11396443,652028.2,4.0,0.00131912,0.01571509
2006,201806,485244741.95,3428627.13,35.0,0.00706577,0.08157056,575328.97,5.0,0.00118565,0.01413535
2006,201807,472238020.09,4482971.16,44.0,0.00949303,0.10815288,243161.24,4.0,0.00051491,0.00616148
2006,201808,466175125.24,4872370.69,49.0,0.0104518,0.11845716,0.0,0.0,0.0,0.0
2006,201809,451131117.0,3638126.61,37.0,0.00806446,0.09259444,606063.05,4.0,0.00134343,0.01600257
2006,201810,445498748.38,3321074.5,40.0,0.00745473,0.08587861,808421.53,5.0,0.00181464,0.0215597
2006,201811,439858465.53,4109091.76,49.0,0.00934185,0.10651801,274832.65,4.0,0.00062482,0.00747213
2006,201812,420224762.81,3002560.03,40.0,0.00714513,0.08245103,0.0,0.0,0.0,0.0
2006,201901,414084195.03,3516698.3,42.0,0.00849271,0.09728445,794855.53,5.0,0.00191955,0.02279297
2006,201902,408353843.68,2713633.47,24.0,0.0066453,0.07689264,76808.72,1.0,0.00018809,0.00225479
2006,201903,404139407.52,3238204.87,35.0,0.00801259,0.09202497,623273.75,5.0,0.00154222,0.01835052
2006,201904,390313181.59,2856085.59,44.0,0.00731742,0.08435989,295810.34,2.0,0.00075788,0.00905674
2006,201905,385783663.79,3084631.19,44.0,0.00799575,0.09183999,46779.46,1.0,0.00012126,0.00145413
2006,201906,367206950.08,2326466.83,31.0,0.00633557,0.07343284,268132.5,1.0,0.00073019,0.00872723
2006,201907,363362349.46,2843238.87,36.0,0.0078248,0.08996019,694783.83,3.0,0.0019121,0.02270538
2006,201908,357799118.21,2744781.47,40.0,0.00767129,0.08826911,727236.61,7.0,0.00203253,0.02411951
2006,201909,345677975.57,2509406.04,30.0,0.00725937,0.0837172,844955.39,5.0,0.00244434,0.02894097
2006,201910,336179189.73,3649928.68,39.0,0.01085709,0.12278006,0.0,0.0,0.0,0.0
2006,201911,331232997.74,2067911.12,24.0,0.00624307,0.07239723,46693.06,1.0,0.00014097,0.0016903
2006,201912,314049390.5,2136205.06,31.0,0.00680213,0.07864001,493752.82,4.0,0.00157221,0.01870428
2006,202001,310233386.18,2654000.92,37.0,0.00855485,0.09796311,526160.82,5.0,0.00169602,0.02016342
2006,202002,305286688.65,2628433.45,32.0,0.00860972,0.09856198,404105.9,4.0,0.00132369,0.01576918
2006,202003,301056100.66,1631627.34,25.0,0.00541968,0.06313213,0.0,0.0,0.0,0.0
2006,202004,290828924.09,3880408.28,37.0,0.01334258,0.14886856,176408.88,1.0,0.00060657,0.00725464
2006,202005,285683514.49,1543553.53,30.0,0.00540302,0.0629438,514193.34,3.0,0.00179987,0.02138591
2006,202006,282352289.77,3018069.26,41.0,0.01068902,0.12098973,509474.98,3.0,0.00180439,0.02143914
2006,202007,277780877.93,2582241.06,38.0,0.00929596,0.10602127,0.0,0.0,0.0,0.0
2006,202008,265188461.99,1987886.86,36.0,0.00749613,0.086336,100371.76,1.0,0.00037849,0.00453246
2006,202009,262059193.83,3919306.84,34.0,0.01495581,0.16541884,56545.75,1.0,0.00021577,0.00258623
2006,202010,252225712.76,3430909.41,45.0,0.01360254,0.15155565,0.0,0.0,0.0,0.0
2006,202011,247647032.94,3070124.41,40.0,0.01239718,0.1390303,334821.62,1.0,0.00135201,0.01610404
2006,202012,234168991.86,3913189.39,46.0,0.01671096,0.18308971,0.0,0.0,0.0,0.0
2006,202101,227022285.05,2522209.64,49.0,0.01110996,0.12546739,0.0,0.0,0.0,0.0
2006,202102,223566330.02,2300410.5,50.0,0.01028961,0.11672172,0.0,0.0,0.0,0.0
2006,202103,220391670.89,3511566.02,55.0,0.0159333,0.17530294,0.0,0.0,0.0,0.0
2006,202104,215909745.65,2722512.54,54.0,0.01260949,0.14124878,0.0,0.0,0.0,0.0
2006,202105,209587649.2,4695936.99,68.0,0.0224056,0.23808862,156742.75,1.0,0.00074786,0.00893753
2006,202106,202271775.94,3289397.19,56.0,0.01626226,0.17860516,0.0,0.0,0.0,0.0
2006,202107,195762903.51,3818124.48,60.0,0.01950382,0.2105023,97805.91,2.0,0.00049961,0.00597892
2006,202108,188947789.61,4204086.38,54.0,0.02224999,0.236632,0.0,0.0,0.0,0.0
2006,202109,183983813.55,4040718.75,50.0,0.02196236,0.23393287,238840.48,1.0,0.00129816,0.01546718
2006,202110,178785722.44,1849457.03,37.0,0.01034455,0.11730987,0.0,0.0,0.0,0.0
2006,202111,174742088.43,2536802.0,35.0,0.01451741,0.16095068,0.0,0.0,0.0,0.0
2006,202112,171496450.17,2001650.1,36.0,0.01167167,0.13140979,0.0,0.0,0.0,0.0
2006,202201,166678092.53,1435777.79,22.0,0.00861408,0.09860949,152380.77,1.0,0.00091422,0.01091567
2006,202202,163844666.21,2455170.42,33.0,0.01498474,0.16571299,339258.06,1.0,0.00207061,0.02456627
2006,202203,160279111.63,3446594.15,28.0,0.0215037,0.22961069,0.0,0.0,0.0,0.0
2006,202204,156143908.17,2696606.04,22.0,0.01727,0.1886457,56399.66,1.0,0.0003612,0.00432584
2006,202205,151172734.35,1997895.79,24.0,0.01321598,0.1475571,0.0,0.0,0.0,0.0
2006,202206,148188720.68,1432026.08,20.0,0.00966353,0.1099933,0.0,0.0,0.0,0.0
2006,202207,146152643.63,941972.44,15.0,0.00644513,0.07465797,369416.75,1.0,0.00252761,0.02991318
2006,202208,144238390.1,451413.48,12.0,0.00312963,0.03691587,0.0,0.0,0.0,0.0
2006,202209,143168995.68,909154.03,8.0,0.00635022,0.07359666,0.0,0.0,0.0,0.0
2006,202210,139985887.6,287667.12,5.0,0.00205497,0.02438286,52378.48,1.0,0.00037417,0.00448081
2006,202211,138256059.94,801655.24,9.0,0.00579834,0.06740341,0.0,0.0,0.0,0.0
2006,202212,136880324.55,614831.99,7.0,0.00449175,0.05258912,21831.07,1.0,0.00015949,0.0019122
2006,202301,135621195.0,715155.28,9.0,0.00527318,0.06147484,51314.97,1.0,0.00037837,0.004531
2006,202302,134256518.17,844868.89,10.0,0.00629295,0.07295572,0.0,0.0,0.0,0.0
2006,202303,132837465.8,629906.54,8.0,0.00474193,0.05544235,231624.34,1.0,0.00174367,0.0207245
2006,202304,131407418.47,387169.04,6.0,0.00294633,0.03478856,0.0,0.0,0.0,0.0
2006,202305,130377316.8,1117681.08,14.0,0.00857267,0.09815757,175478.13,2.0,0.00134593,0.01603208
2006,202306,128451130.4,1043947.19,9.0,0.00812719,0.0932829,439457.5,1.0,0.0034212,0.04029068
2006,202307,126347996.84,1287882.87,14.0,0.01019314,0.11568801,528537.02,2.0,0.00418318,0.04905923
2006,202308,123988957.47,593299.06,11.0,0.0047851,0.05593379,426631.78,1.0,0.00344089,0.0405181
2006,202309,121613037.25,613021.26,12.0,0.00504075,0.05883989,185524.71,3.0,0.00152553,0.01815358
2006,202310,120219808.2,830450.23,12.0,0.00690777,0.07981525,0.0,0.0,0.0,0.0
2006,202311,118355820.2,621605.91,11.0,0.00525201,0.0612351,0.0,0.0,0.0,0.0
2006,202312,115969781.27,302813.06,5.0,0.00261114,0.03088755,0.0,0.0,0.0,0.0
2006,202401,115086282.07,481102.08,10.0,0.00418036,0.04902686,0.0,0.0,0.0,0.0
2006,202402,113984019.32,409398.84,10.0,0.00359172,0.04225934,0.0,0.0,0.0,0.0
2006,202403,112991797.63,985075.86,13.0,0.00871812,0.09974401,0.0,0.0,0.0,0.0
2006,202404,111307912.45,404505.15,6.0,0.00363411,0.04274814,0.0,0.0,0.0,0.0
2006,202405,110403776.65,891771.54,12.0,0.00807736,0.09273614,0.0,0.0,0.0,0.0
2006,202406,108865071.92,820434.18,13.0,0.00753625,0.08677909,47611.7,1.0,0.00043735,0.00523555
2006,202407,107427955.86,272241.3,7.0,0.00253418,0.02998981,324036.59,1.0,0.00301632,0.0356013
2006,202408,106210942.11,1142783.3,11.0,0.01075956,0.12174157,0.0,0.0,0.0,0.0
2006,202409,104503774.58,755452.82,11.0,0.00722895,0.08338019,0.0,0.0,0.0,0.0
2006,202410,102445707.76,665276.51,13.0,0.00649394,0.07520338,180930.75,1.0,0.00176611,0.02098871
2006,202411,100925694.65,168569.91,5.0,0.00167024,0.01985976,94526.37,1.0,0.00093659,0.01118141
2006,202412,99923797.81,322604.45,4.0,0.0032285,0.03806147,0.0,0.0,0.0,0.0
2006,202501,99015942.66,553287.18,12.0,0.00558786,0.06503143,21371.57,1.0,0.00021584,0.002587
2006,202502,97881914.52,160433.64,4.0,0.00163905,0.01949229,21341.56,1.0,0.00021803,0.00261327
2006,202503,97175400.4,867262.29,8.0,0.00892471,0.10199289,0.0,0.0,0.0,0.0
2006,202504,94162516.69,857967.95,14.0,0.00911157,0.10402248,0.0,0.0,0.0,0.0
2006,202505,92765866.96,367564.85,7.0,0.00396229,0.04652481,27236.6,1.0,0.00029361,0.00351759
2006,202506,91350991.7,606978.92,6.0,0.00664447,0.07688339,0.0,0.0,0.0,0.0
2006,202507,90197842.75,276531.73,5.0,0.00306584,0.03617596,0.0,0.0,0.0,0.0
2006,202508,89360169.33,389202.4,5.0,0.00435543,0.05103121,31705.71,1.0,0.00035481,0.0042494
2006,202509,88556044.87,302081.85,9.0,0.00341119,0.040175,34057.75,1.0,0.00038459,0.00460533
2006,202510,87557432.25,159659.79,7.0,0.00182349,0.02166371,0.0,0.0,0.0,0.0
2006,202511,86309520.02,282525.58,9.0,0.0032734,0.03858126,124490.93,1.0,0.00144238,0.01717188
2006,202512,85388049.27,150828.93,7.0,0.00176639,0.020992,0.0,0.0,0.0,0.0
2006,202601,84125897.14,394272.84,16.0,0.0046867,0.05481311,0.0,0.0,0.0,0.0
2006,202602,83199032.48,112927.83,11.0,0.00135732,0.01616681,0.0,0.0,0.0,0.0
2006,202603,82558320.26,182793.92,15.0,0.00221412,0.02624825,0.0,0.0,0.0,0.0
2007,200612,0.0,0.0,,,,0.0,,,
2007,200701,179000.0,0.0,,0.0,0.0,0.0,,0.0,0.0
2007,200702,11425000.0,0.0,4.0,0.0,0.0,0.0,0.0,0.0,0.0
2007,200703,567900000.0,1948000.0,12.0,0.00343018,0.04039442,0.0,0.0,0.0,0.0
2007,200704,1164450000.0,4077000.0,27.0,0.00350122,0.04121499,0.0,0.0,0.0,0.0
2007,200705,1956727000.0,5668000.0,35.0,0.00289667,0.03421161,0.0,0.0,0.0,0.0
2007,200706,2660039000.0,8810000.0,54.0,0.00331198,0.03902774,0.0,0.0,0.0,0.0
2007,200707,3341990000.0,10792000.0,57.0,0.00322921,0.03806968,0.0,0.0,0.0,0.0
2007,200708,3968144251.47,15768000.0,84.0,0.00397365,0.0466553,0.0,0.0,0.0,0.0
2007,200709,4763365542.05,15834000.0,98.0,0.00332412,0.03916818,0.0,0.0,0.0,0.0
2007,200710,5406662233.55,21378121.0,126.0,0.00395403,0.04643001,0.0,0.0,0.0,0.0
2007,200711,6185130483.06,29701988.24,157.0,0.00480216,0.05612802,0.0,0.0,0.0,0.0
2007,200712,6978487234.38,52442164.82,250.0,0.00751483,0.0865426,0.0,0.0,0.0,0.0
2007,200801,7582228164.53,76724354.49,366.0,0.01011897,0.11489253,0.0,0.0,0.0,0.0
2007,200802,8361342062.33,160044661.79,720.0,0.01914103,0.20698968,0.0,0.0,0.0,0.0
2007,200803,8410344276.72,127258885.97,598.0,0.01513123,0.16720066,524324.61,2.0,6.234e-05,0.00074786
2007,200804,8289848844.74,112663809.57,540.0,0.01359057,0.15143218,85422.71,1.0,1.03e-05,0.00012365
2007,200805,8173695100.91,71032687.59,374.0,0.0086904,0.0994419,389873.12,1.0,4.77e-05,0.00057223
2007,200806,8147105046.08,58184951.91,325.0,0.00714179,0.08241406,684841.37,3.0,8.406e-05,0.00100825
2007,200807,8114732635.11,43666704.61,271.0,0.00538116,0.06269668,525647.03,4.0,6.478e-05,0.00077705
2007,200808,8061594767.24,36121814.78,227.0,0.00448073,0.05246325,770238.38,4.0,9.554e-05,0.00114593
2007,200809,8015265540.19,34904487.72,217.0,0.00435475,0.05102339,866271.75,6.0,0.00010808,0.00129616
2007,200810,7974585160.71,47735229.32,295.0,0.00598592,0.06951274,727746.28,4.0,9.126e-05,0.00109455
2007,200811,7923076978.34,28991009.27,177.0,0.00365906,0.04303575,998806.03,7.0,0.00012606,0.00151171
2007,200812,7880970710.63,62598588.72,343.0,0.007943,0.09126033,1964852.63,13.0,0.00024932,0.00298769
2007,200901,7809772969.99,148193404.41,762.0,0.01897538,0.20538111,1282907.62,9.0,0.00016427,0.00196945
2007,200902,7650032474.44,218000302.7,1084.0,0.02849665,0.2931429,2201680.7,10.0,0.0002878,0.00344814
2007,200903,7417471763.69,188633228.07,979.0,0.02543093,0.26590634,3520931.79,20.0,0.00047468,0.00568132
2007,200904,7214207988.29,194005742.02,996.0,0.02689217,0.27900612,5060572.34,25.0,0.00070147,0.00838528
2007,200905,7003623632.82,198673869.05,1033.0,0.0283673,0.29201267,6148031.09,29.0,0.00087784,0.01048332
2007,200906,6786729123.83,185141575.09,992.0,0.02727994,0.28244622,2679235.75,18.0,0.00039478,0.00472704
2007,200907,6588434885.93,149593686.68,791.0,0.0227055,0.24088867,6349848.14,29.0,0.00096379,0.01150433
2007,200908,6421042405.12,98317377.0,533.0,0.01531175,0.1690305,5333594.54,25.0,0.00083064,0.00992231
2007,200909,6306005713.25,85091753.06,486.0,0.01349376,0.15043225,5158693.27,24.0,0.00081806,0.00977268
2007,200910,6202567584.54,90794527.28,519.0,0.01463822,0.16218415,7235808.06,34.0,0.00116658,0.01390952
2007,200911,6095037216.78,109502462.07,581.0,0.01796584,0.1955128,4028416.5,24.0,0.00066093,0.00790244
2007,200912,5971683528.45,108030642.11,583.0,0.01809048,0.19673725,11075724.98,52.0,0.00185471,0.02203085
2007,201001,5840048253.79,88541579.76,469.0,0.0151611,0.1675037,9093440.76,44.0,0.00155708,0.01852581
2007,201002,5732586643.53,86741877.82,471.0,0.01513137,0.16720202,8276209.89,46.0,0.00144371,0.01718765
2007,201003,5626615951.77,89875254.3,503.0,0.01597323,0.17570448,9677910.29,50.0,0.00172002,0.02044613
2007,201004,5516884646.84,78546485.66,443.0,0.01423747,0.15808612,9402277.31,50.0,0.00170427,0.02026066
2007,201005,5418693814.02,70306933.56,412.0,0.01297489,0.14505449,11096844.26,58.0,0.00204788,0.02429967
2007,201006,5327862990.54,86786197.2,503.0,0.01628912,0.1788742,9423212.33,50.0,0.00176867,0.02101875
2007,201007,5220614106.94,89613851.17,474.0,0.01716539,0.18760859,10095657.58,47.0,0.00193381,0.02296045
2007,201008,5109994134.46,110199325.22,619.0,0.02156545,0.23019389,9702387.95,51.0,0.00189871,0.02254806
2007,201009,4980042266.16,111324755.0,615.0,0.02235418,0.23760756,13751069.61,62.0,0.00276124,0.03263622
2007,201010,4844581593.83,110148854.83,645.0,0.02273651,0.24117765,12349329.66,59.0,0.0025491,0.03016398
2007,201011,4711375809.82,121646837.66,693.0,0.02581981,0.26941371,10985459.29,50.0,0.00233169,0.02762421
2007,201012,4568110783.34,104076342.72,598.0,0.02278324,0.24161295,12495762.41,64.0,0.00273543,0.03233582
2007,201101,4438523248.02,93080493.97,555.0,0.02097105,0.2245632,11673717.86,63.0,0.00263009,0.03110852
2007,201102,4323941370.85,71559731.68,398.0,0.01654965,0.18148008,13718231.25,73.0,0.00317262,0.03741411
2007,201103,4230381670.34,62074793.37,366.0,0.01467357,0.16254477,18491780.05,94.0,0.00437118,0.05121133
2007,201104,4140664104.11,45526712.49,268.0,0.01099503,0.12424685,13015158.89,60.0,0.00314325,0.03707375
2007,201105,4072806051.17,46374719.05,293.0,0.01138643,0.12839681,13456343.31,71.0,0.00330395,0.0389348
2007,201106,4005014747.87,48696454.77,294.0,0.01215887,0.13653398,17312912.06,83.0,0.00432281,0.05065798
2007,201107,3930902557.42,48726191.17,306.0,0.01239568,0.13901458,10770368.36,51.0,0.00273992,0.03238809
2007,201108,3863193705.23,52883143.86,348.0,0.01368897,0.15244737,12824646.53,65.0,0.0033197,0.03911705
2007,201109,3789792361.77,45803436.73,310.0,0.012086,0.13576934,12587433.86,68.0,0.0033214,0.03913676
2007,201110,3724171065.23,55985853.95,354.0,0.0150331,0.16620438,13807796.26,70.0,0.00370762,0.04359525
2007,201111,3646779161.93,53033363.65,350.0,0.01454252,0.16120723,13576287.17,70.0,0.00372282,0.04377033
2007,201112,3572992085.58,56233458.59,365.0,0.01573848,0.17334159,13540867.49,70.0,0.00378978,0.04454136
2007,201201,3496099670.15,45838882.03,311.0,0.01311143,0.14647272,13489257.08,67.0,0.00385837,0.04533046
2007,201202,3430093274.65,56464166.45,347.0,0.01646141,0.1805983,13082859.7,67.0,0.00381414,0.04482165
2007,201203,3354145733.66,69937527.68,418.0,0.02085107,0.22342207,14065252.61,69.0,0.00419339,0.04917621
2007,201204,3263237328.31,77148066.9,448.0,0.02364157,0.249568,13851373.6,68.0,0.00424467,0.0497636
2007,201205,3165570329.28,87687177.13,497.0,0.02770028,0.28615826,15395468.87,83.0,0.00486341,0.05682488
2007,201206,3055594897.03,85335587.26,483.0,0.02792765,0.28815887,12017714.04,64.0,0.00393302,0.04618857
2007,201207,2952389178.72,74121307.26,427.0,0.02510553,0.26295966,12487441.82,68.0,0.00422961,0.04959105
2007,201208,2859559122.97,82511614.4,486.0,0.02885466,0.29626241,14175553.7,79.0,0.00495725,0.05789162
2007,201209,2757251518.28,66992206.56,414.0,0.02429673,0.25558845,12820536.53,65.0,0.00464975,0.05439198
2007,201210,2672753234.49,74637529.59,464.0,0.02792534,0.28813852,11387383.8,60.0,0.00426054,0.04994534
2007,201211,2581810037.27,63461751.22,388.0,0.02458033,0.25818076,16825800.2,85.0,0.00651706,0.07546153
2007,201212,2496770893.36,63714542.9,413.0,0.02551878,0.26669998,10758478.21,61.0,0.00430896,0.05049949
2007,201301,2417387966.97,69629376.62,430.0,0.02880356,0.29581789,9507173.37,53.0,0.00393283,0.04618638
2007,201302,2333368797.24,66702038.5,409.0,0.02858615,0.29392396,9139440.8,53.0,0.00391684,0.04600268
2007,201303,2252985877.89,73117178.59,463.0,0.03245346,0.32692666,12018961.87,66.0,0.00533468,0.0621709
2007,201304,2162501720.37,76079143.31,487.0,0.03518108,0.34934654,11289046.05,62.0,0.00522036,0.06087666
2007,201305,2069751114.28,66491477.77,447.0,0.03212535,0.32418257,8382826.8,44.0,0.00405016,0.04753377
2007,201306,1990859627.76,57735464.93,370.0,0.02900027,0.29752752,6901117.65,44.0,0.0034664,0.04081285
2007,201307,1921584212.43,67686466.34,443.0,0.0352243,0.34969626,7747754.29,51.0,0.00403196,0.04732489
2007,201308,1841296867.7,55496960.32,354.0,0.03014015,0.30735966,7008322.92,42.0,0.00380619,0.04473014
2007,201309,1773836861.51,38937201.66,282.0,0.02195084,0.23382454,6533759.89,34.0,0.00368341,0.04331631
2007,201310,1725826327.23,35604072.78,245.0,0.02063016,0.22131697,6440750.73,42.0,0.00373198,0.04387588
2007,201311,1675402375.43,28867646.57,204.0,0.01723028,0.18825201,8154278.26,46.0,0.00486706,0.05686634
2007,201312,1634882718.99,29844096.78,209.0,0.01825458,0.19834666,5691102.35,37.0,0.00348105,0.040982
2007,201401,1591908563.4,22844016.67,166.0,0.01435008,0.15923952,5152606.02,33.0,0.00323675,0.03815692
2007,201402,1560163669.96,18396065.65,130.0,0.01179111,0.13266861,4664353.0,30.0,0.00298966,0.0352918
2007,201403,1533843143.71,20478109.77,143.0,0.01335085,0.14895416,4878575.23,30.0,0.00318062,0.03750681
2007,201404,1505729498.26,20571721.31,158.0,0.0136623,0.15217226,4181771.62,28.0,0.00277724,0.0328225
2007,201405,1477575059.24,18996432.06,134.0,0.01285649,0.14382306,8460033.67,50.0,0.00572562,0.06658455
2007,201406,1447189124.83,22210221.14,150.0,0.01534714,0.16938889,5645482.48,33.0,0.003901,0.04582055
2007,201407,1416545104.83,16035459.55,120.0,0.01132012,0.12769501,4739514.62,31.0,0.00334583,0.03941926
2007,201408,1392373612.91,20269897.15,142.0,0.0145578,0.16136328,5940684.67,39.0,0.00426659,0.05001453
2007,201409,1356397681.52,14095106.13,122.0,0.01039157,0.11781308,5378301.57,32.0,0.00396514,0.04655756
2007,201410,1334924990.0,17671621.95,150.0,0.01323791,0.14778445,7199186.46,44.0,0.00539295,0.06282998
2007,201411,1306741258.97,11990090.58,103.0,0.00917557,0.10471668,5648001.23,30.0,0.0043222,0.05065106
2007,201412,1286376513.01,18320164.18,149.0,0.01424168,0.15812927,4428441.87,29.0,0.00344257,0.04053757
2007,201501,1261085651.61,12431569.52,94.0,0.00985783,0.11208645,4716648.43,29.0,0.00374015,0.04396995
2007,201502,1241665358.68,12444210.64,105.0,0.01002219,0.11385355,2943975.43,19.0,0.00237099,0.02808376
2007,201503,1223936021.48,15268431.73,120.0,0.01247486,0.13984262,3136031.22,25.0,0.00256225,0.03031739
2007,201504,1201029519.75,16478443.29,135.0,0.01372027,0.15277002,3298714.31,23.0,0.00274657,0.03246552
2007,201505,1178508130.3,16526839.54,131.0,0.01402353,0.15589081,2688521.41,20.0,0.00228129,0.02703462
2007,201506,1154612992.92,18953711.78,147.0,0.01641564,0.18014062,3352561.2,16.0,0.00290362,0.03429238
2007,201507,1129847602.54,13118600.21,96.0,0.01161095,0.13076917,3287501.79,21.0,0.00290969,0.03436284
2007,201508,1109915277.87,17406786.11,140.0,0.01568299,0.17278214,1659235.5,12.0,0.00149492,0.01779229
2007,201509,1088033243.79,13058082.5,108.0,0.01200155,0.13488235,2985947.48,18.0,0.00274435,0.03243968
2007,201510,1068271628.87,15254959.65,112.0,0.01428004,0.15852229,1782645.79,14.0,0.00166872,0.01984187
2007,201511,1046647517.65,12332107.35,98.0,0.01178248,0.13257772,2138861.82,17.0,0.00204354,0.02424868
2007,201512,1028756098.84,12824736.8,102.0,0.01246626,0.13975267,1417422.74,11.0,0.0013778,0.01640891
2007,201601,1011230204.51,8703193.91,75.0,0.00860654,0.09852727,1340612.68,11.0,0.00132572,0.01579321
2007,201602,998609150.44,9876025.94,85.0,0.00988978,0.1124302,1954037.28,11.0,0.00195676,0.02323004
2007,201603,981322093.27,11489927.26,94.0,0.01170862,0.13179938,3475345.68,20.0,0.00354149,0.04167983
2007,201604,964173102.71,10577445.02,85.0,0.01097048,0.12398602,3582805.81,25.0,0.00371594,0.04369109
2007,201605,945761371.88,9937377.68,84.0,0.01050728,0.11905002,2742086.81,16.0,0.00289934,0.03424264
2007,201606,927216116.56,10677022.52,87.0,0.01151514,0.12975754,1189393.62,8.0,0.00128276,0.01528495
2007,201607,912943213.6,12236706.71,93.0,0.01340358,0.14949979,1862385.68,14.0,0.00203998,0.02420696
2007,201608,896716889.05,10548202.46,90.0,0.01176314,0.13237391,2286564.78,14.0,0.00254993,0.03017364
2007,201609,880003765.62,10627446.12,91.0,0.01207659,0.13567055,2252464.36,9.0,0.00255961,0.03028655
2007,201610,865084375.59,10118463.82,74.0,0.01169651,0.13167166,1039943.93,8.0,0.00120213,0.01433056
2007,201611,852006617.01,11866520.74,89.0,0.01392773,0.15490616,325670.68,5.0,0.00038224,0.00457724
2007,201612,837652388.0,11687847.82,87.0,0.0139531,0.15516701,2178530.34,14.0,0.00260076,0.03076651
2007,201701,813541389.57,9604858.06,89.0,0.01180623,0.13282783,2499494.89,11.0,0.00307236,0.0362517
2007,201702,799454548.77,6570375.8,66.0,0.00821857,0.09428481,2349155.24,13.0,0.00293845,0.03469704
2007,201703,788558194.27,9713227.5,84.0,0.01231771,0.13819854,1088185.65,8.0,0.00137997,0.01643452
2007,201704,775893064.96,8321930.73,75.0,0.01072562,0.12137983,612968.7,6.0,0.00079002,0.00943912
2007,201705,765158394.33,9371788.34,89.0,0.01224817,0.13747016,728070.61,5.0,0.00095153,0.01135878
2007,201706,746958080.49,9516872.35,79.0,0.01274084,0.14261858,911186.21,6.0,0.00121986,0.01454054
2007,201707,734703848.59,8448017.51,77.0,0.01149853,0.12958211,991264.3,4.0,0.0013492,0.01607083
2007,201708,722120137.91,9576006.04,82.0,0.01326096,0.14802326,2853951.29,15.0,0.00395218,0.04640876
2007,201709,696282468.73,7648396.39,67.0,0.01098462,0.12413624,1061722.47,7.0,0.00152484,0.01814545
2007,201710,685899438.58,7710962.4,68.0,0.01124212,0.12686881,2080148.75,13.0,0.00303273,0.03579184
2007,201711,666122730.33,7389924.24,68.0,0.01109394,0.12529729,720208.64,5.0,0.0010812,0.01289747
2007,201712,651743003.53,6942779.02,59.0,0.01065263,0.12060169,481909.17,3.0,0.00073942,0.008837
2007,201801,633269612.93,3775740.22,38.0,0.00596229,0.06924732,736082.83,6.0,0.00116235,0.01385941
2007,201802,627106080.06,5628549.26,47.0,0.00897543,0.10254426,530665.37,6.0,0.00084621,0.01010743
2007,201803,618984141.95,6250110.12,58.0,0.01009737,0.11466068,665662.73,3.0,0.00107541,0.01282888
2007,201804,600219549.29,6090993.98,56.0,0.01014794,0.11520333,1236519.58,6.0,0.00206011,0.02444315
2007,201805,591245306.24,5986380.92,53.0,0.01012504,0.11495761,423589.83,3.0,0.00071644,0.00856344
2007,201806,582873380.06,7289684.08,56.0,0.01250646,0.14017287,810675.68,5.0,0.00139083,0.01656284
2007,201807,563337703.67,4446795.64,46.0,0.00789366,0.09071777,1103363.2,5.0,0.00195862,0.02325187
2007,201808,556376961.82,3622840.16,37.0,0.00651148,0.07539931,1123043.3,4.0,0.00201849,0.02395482
2007,201809,540831492.88,3366745.25,39.0,0.00622513,0.07219623,378772.72,2.0,0.00070035,0.00837193
2007,201810,535803038.63,4655647.7,45.0,0.0086891,0.09942774,905082.44,5.0,0.00168921,0.02008322
2007,201811,528850169.81,2674586.76,29.0,0.00505736,0.0590284,927771.0,5.0,0.00175432,0.02084987
2007,201812,508832914.3,3747208.04,43.0,0.00736432,0.08487887,318438.99,3.0,0.00062582,0.00748407
2007,201901,501716294.6,2495927.63,26.0,0.00497478,0.05809074,1111429.63,6.0,0.00221526,0.02626156
2007,201902,496631141.2,2340319.07,22.0,0.00471239,0.05510581,203821.38,1.0,0.00041041,0.00491379
2007,201903,492545168.07,3939928.34,36.0,0.00799912,0.09187698,875662.86,5.0,0.00177783,0.02112662
2007,201904,474345920.25,2913665.04,36.0,0.00614249,0.07126998,318126.55,3.0,0.00067066,0.00801834
2007,201905,469718041.93,3409707.48,34.0,0.00725905,0.08371362,1512849.4,10.0,0.00322076,0.03797179
2007,201906,444404129.02,3501438.55,38.0,0.00787895,0.090556,1134396.63,5.0,0.00255262,0.03020508
2007,201907,438417443.0,3414113.31,32.0,0.00778736,0.08954795,724422.79,4.0,0.00165236,0.01964909
2007,201908,432634147.23,4198963.75,38.0,0.00970558,0.11044664,79259.3,1.0,0.0001832,0.00219621
2007,201909,417032903.34,2708745.8,33.0,0.00649528,0.07521833,410903.25,1.0,0.0009853,0.01175976
2007,201910,406611810.44,3404420.98,31.0,0.00837266,0.09597191,258279.25,3.0,0.0006352,0.00759581
2007,201911,401273939.3,2579188.4,30.0,0.0064275,0.07446094,0.0,0.0,0.0,0.0
2007,201912,384573322.84,4888865.0,50.0,0.01271244,0.14232257,86526.81,1.0,0.00022499,0.00269659
2007,202001,378266238.78,3266061.97,43.0,0.00863429,0.09883006,408514.58,5.0,0.00107997,0.01288289
2007,202002,372283217.52,2141844.17,37.0,0.00575327,0.06689594,824799.04,5.0,0.00221551,0.0262646
2007,202003,368343870.93,3996799.27,43.0,0.01085073,0.12271233,76773.92,2.0,0.00020843,0.00249829
2007,202004,356104112.4,3152687.32,35.0,0.00885327,0.10121584,130071.59,1.0,0.00036526,0.00437436
2007,202005,351789191.04,2828338.14,35.0,0.00803987,0.09232448,112803.7,1.0,0.00032066,0.00384111
2007,202006,347733448.31,2844358.47,30.0,0.00817971,0.09385882,64280.08,1.0,0.00018485,0.002216
2007,202007,343622397.02,3464081.51,50.0,0.01008107,0.11448576,122154.69,1.0,0.00035549,0.00425756
2007,202008,325803108.36,5001139.27,43.0,0.01535019,0.16941971,344247.25,1.0,0.00105661,0.01260591
2007,202009,319433119.96,2653688.37,31.0,0.00830749,0.09525877,365736.09,1.0,0.00114495,0.01365325
2007,202010,311221809.01,4460464.92,55.0,0.01433211,0.15905555,150985.03,1.0,0.00048514,0.00580613
2007,202011,305559840.93,4521216.21,46.0,0.0147965,0.16379771,0.0,0.0,0.0,0.0
2007,202012,292106966.02,5283507.64,53.0,0.01808758,0.19670873,412933.65,4.0,0.00141364,0.01683239
2007,202101,284137843.3,3569372.42,37.0,0.01256212,0.14075418,42225.33,1.0,0.00014861,0.00178185
2007,202102,279514280.52,3303198.95,41.0,0.01181764,0.13294795,96589.4,1.0,0.00034556,0.00413887
2007,202103,275190603.1,4989415.63,53.0,0.01813076,0.19713257,557293.79,3.0,0.00202512,0.02403258
2007,202104,268604548.99,3882499.91,43.0,0.01445433,0.16030604,0.0,0.0,0.0,0.0
2007,202105,260404369.64,5345862.11,51.0,0.02052908,0.22035202,0.0,0.0,0.0,0.0
2007,202106,251505900.06,3920914.84,44.0,0.01558975,0.17184141,0.0,0.0,0.0,0.0
2007,202107,244159580.06,3330552.45,45.0,0.01364088,0.15195138,196130.23,1.0,0.00080329,0.00959697
2007,202108,234566108.75,3369708.92,42.0,0.01436571,0.1593995,0.0,0.0,0.0,0.0
2007,202109,230377996.06,3221195.81,33.0,0.01398222,0.15546636,0.0,0.0,0.0,0.0
2007,202110,224812137.29,2980292.91,45.0,0.01325681,0.14798032,35338.02,1.0,0.00015719,0.00188464
2007,202111,219210026.2,2718130.22,37.0,0.01239966,0.13905629,0.0,0.0,0.0,0.0
2007,202112,215683936.21,2850251.01,40.0,0.01321494,0.14754636,244142.19,1.0,0.00113194,0.01349908
2007,202201,208596626.73,3257002.21,39.0,0.01561388,0.17208493,0.0,0.0,0.0,0.0
2007,202202,204573022.86,2253559.17,50.0,0.01101592,0.12446879,243196.81,2.0,0.0011888,0.01417272
2007,202203,201338872.72,3010741.67,61.0,0.0149536,0.16539643,0.0,0.0,0.0,0.0
2007,202204,197546302.69,2460390.4,42.0,0.01245475,0.13963242,0.0,0.0,0.0,0.0
2007,202205,191146582.21,2330686.24,40.0,0.01219319,0.13689387,267282.8,2.0,0.00139831,0.01665131
2007,202206,186065960.85,1392571.89,20.0,0.00748429,0.08620523,0.0,0.0,0.0,0.0
2007,202207,183834447.52,1196259.37,29.0,0.00650726,0.07535218,0.0,0.0,0.0,0.0
2007,202208,181928549.29,1814285.18,35.0,0.00997251,0.11331978,0.0,0.0,0.0,0.0
2007,202209,179381468.74,1255700.62,26.0,0.00700017,0.08084216,265047.91,3.0,0.00147757,0.0175874
2007,202210,174654216.02,1282826.49,24.0,0.00734495,0.08466456,0.0,0.0,0.0,0.0
2007,202211,171302656.55,833323.84,19.0,0.00486463,0.05683873,40013.8,1.0,0.00023359,0.00279943
2007,202212,169820286.81,1036215.35,18.0,0.00610183,0.07081398,0.0,0.0,0.0,0.0
2007,202301,168067732.97,1628850.54,27.0,0.00969163,0.11029632,33510.04,1.0,0.00019938,0.00238999
2007,202302,165692516.18,637273.53,14.0,0.00384612,0.04518955,0.0,0.0,0.0,0.0
2007,202303,164368980.73,961650.65,16.0,0.00585056,0.06799109,0.0,0.0,0.0,0.0
2007,202304,162627991.21,680887.99,8.0,0.00418678,0.04910046,0.0,0.0,0.0,0.0
2007,202305,161317428.23,983976.79,12.0,0.00609963,0.07078926,0.0,0.0,0.0,0.0
2007,202306,159710496.32,1009411.48,17.0,0.00632026,0.07326144,185725.44,2.0,0.00116289,0.01386575
2007,202307,157866915.4,696429.02,12.0,0.00441149,0.05167219,0.0,0.0,0.0,0.0
2007,202308,156584499.81,899991.29,11.0,0.00574764,0.06683258,0.0,0.0,0.0,0.0
2007,202309,152648628.64,599967.6,9.0,0.00393038,0.04615828,366771.44,1.0,0.00240272,0.02845462
2007,202310,151072363.14,789960.8,13.0,0.00522902,0.06097474,49000.13,1.0,0.00032435,0.00388525
2007,202311,149252664.12,578392.77,10.0,0.00387526,0.04552464,0.0,0.0,0.0,0.0
2007,202312,146968328.76,672949.42,11.0,0.00457887,0.05358363,0.0,0.0,0.0,0.0
2007,202401,145655533.58,646629.16,9.0,0.00443944,0.05199158,97783.91,1.0,0.00067134,0.00802636
2007,202402,144241008.61,816788.88,13.0,0.00566267,0.06587511,36961.88,1.0,0.00025625,0.00307068
2007,202403,142791439.53,499988.15,12.0,0.00350153,0.0412185,0.0,0.0,0.0,0.0
2007,202404,140498896.4,669722.98,8.0,0.00476675,0.05572492,0.0,0.0,0.0,0.0
2007,202405,139204493.08,834173.56,10.0,0.00599243,0.06958589,434359.17,2.0,0.0031203,0.03680759
2007,202406,136893948.52,363000.82,5.0,0.00265169,0.03136032,108434.43,1.0,0.00079211,0.00946396
2007,202407,135863091.02,308745.03,6.0,0.00227247,0.0269314,0.0,0.0,0.0,0.0
2007,202408,134964122.59,247726.34,7.0,0.0018355,0.02180497,41249.61,1.0,0.00030563,0.00366145
2007,202409,134046490.86,864432.24,11.0,0.00644875,0.07469845,0.0,0.0,0.0,0.0
2007,202410,131465204.51,327152.09,5.0,0.00248851,0.02945674,0.0,0.0,0.0,0.0
2007,202411,130107786.48,707845.97,14.0,0.00544046,0.06336699,0.0,0.0,0.0,0.0
2007,202412,128427809.72,510043.09,9.0,0.00397144,0.04662994,57085.96,1.0,0.0004445,0.00532096
2007,202501,127236088.26,376365.4,7.0,0.00295801,0.03492427,17767.63,1.0,0.00013964,0.00167443
2007,202502,126205671.25,526057.33,7.0,0.00416825,0.04888813,0.0,0.0,0.0,0.0
2007,202503,125068290.07,969989.58,13.0,0.00775568,0.08919908,0.0,0.0,0.0,0.0
2007,202504,122516768.26,552060.3,9.0,0.004506,0.05275183,75959.89,2.0,0.00062,0.00741463
2007,202505,121219626.04,552740.16,11.0,0.00455982,0.05336626,0.0,0.0,0.0,0.0
2007,202506,119365021.8,677632.05,8.0,0.00567697,0.06603637,0.0,0.0,0.0,0.0
2007,202507,118101546.01,802344.07,13.0,0.00679368,0.07854593,0.0,0.0,0.0,0.0
2007,202508,116652367.36,452551.14,8.0,0.00387949,0.04557323,32120.44,1.0,0.00027535,0.00329922
2007,202509,115593352.03,296385.5,8.0,0.00256404,0.03033822,340075.25,3.0,0.002942,0.03473827
2007,202510,114069542.69,387676.56,8.0,0.0033986,0.04002942,0.0,0.0,0.0,0.0
2007,202511,113091552.69,357313.06,7.0,0.0031595,0.03726208,146803.64,2.0,0.0012981,0.01546641
2007,202512,112027117.8,255257.67,9.0,0.00227853,0.02700235,0.0,0.0,0.0,0.0
2007,202601,110905118.81,614042.35,10.0,0.00553665,0.06445343,0.0,0.0,0.0,0.0
2007,202602,109708169.02,336117.96,7.0,0.00306375,0.03615172,0.0,0.0,0.0,0.0
2007,202603,108800039.22,517136.12,13.0,0.00475309,0.05556936,0.0,0.0,0.0,0.0
2008,200801,0.0,0.0,,,,0.0,,,
2008,200802,10988000.0,0.0,4.0,0.0,0.0,0.0,0.0,0.0,0.0
2008,200803,567099000.0,1413000.0,11.0,0.00249163,0.02949318,0.0,0.0,0.0,0.0
2008,200804,1538321000.0,5011000.0,26.0,0.00325745,0.0383966,0.0,0.0,0.0,0.0
2008,200805,2420043000.0,4074000.0,21.0,0.00168344,0.0200153,0.0,0.0,0.0,0.0
2008,200806,3416869000.0,9438000.0,45.0,0.00276218,0.03264719,0.0,0.0,0.0,0.0
2008,200807,4167286000.0,11263000.0,58.0,0.00270272,0.03195483,0.0,0.0,0.0,0.0
2008,200808,4848462000.0,11403000.0,58.0,0.00235188,0.02786034,0.0,0.0,0.0,0.0
2008,200809,5788518443.51,17372000.0,91.0,0.00300111,0.03542483,0.0,0.0,0.0,0.0
2008,200810,6553488736.94,41238711.51,179.0,0.00629263,0.07295225,301049.88,1.0,4.594e-05,0.00055111
2008,200811,7270754216.41,24591632.95,111.0,0.00338227,0.03984063,779309.34,2.0,0.00010718,0.00128545
2008,200812,8126870612.99,77592902.05,321.0,0.0095477,0.10874333,0.0,0.0,0.0,0.0
2008,200901,8598249520.68,201351328.0,818.0,0.02341771,0.24750066,0.0,0.0,0.0,0.0
2008,200902,9458034744.7,293169546.44,1188.0,0.03099688,0.31466625,0.0,0.0,0.0,0.0
2008,200903,9302269546.2,273116657.47,1108.0,0.02936022,0.30064603,0.0,0.0,0.0,0.0
2008,200904,9029137518.05,290460906.25,1222.0,0.03216929,0.32455063,132461.84,1.0,1.467e-05,0.00017603
2008,200905,8726231849.81,296596741.28,1244.0,0.0339891,0.33963456,185964.69,1.0,2.131e-05,0.0002557
2008,200906,8420265834.03,272541573.14,1201.0,0.03236734,0.32620739,1008021.4,4.0,0.00011971,0.00143562
2008,200907,8136666251.19,190817316.49,820.0,0.02345154,0.24781335,811505.28,4.0,9.973e-05,0.00119616
2008,200908,7933421741.27,116689215.87,529.0,0.01470856,0.1629016,374262.45,2.0,4.718e-05,0.00056596
2008,200909,7805025904.85,107325885.04,515.0,0.01375087,0.15308543,924204.73,6.0,0.00011841,0.00142001
2008,200910,7685151192.15,132868283.08,607.0,0.01728896,0.18883349,2080887.38,11.0,0.00027077,0.00324437
2008,200911,7538523233.24,154544042.41,717.0,0.02050057,0.22007968,2719572.25,11.0,0.00036076,0.0043205
2008,200912,7369711194.99,193699194.87,874.0,0.02628315,0.27357255,2895655.55,13.0,0.00039291,0.00470478
2008,201001,7157520865.24,146650596.08,669.0,0.02048902,0.2199693,2746592.43,13.0,0.00038374,0.00459512
2008,201002,6993240208.28,95434750.46,455.0,0.01364671,0.15201153,2835734.45,15.0,0.0004055,0.00485512
2008,201003,6882506832.51,117479548.52,580.0,0.0170693,0.18665497,4120843.61,20.0,0.00059874,0.00716129
2008,201004,6747612990.98,117167745.77,558.0,0.01736433,0.18957967,5219348.36,23.0,0.00077351,0.00924274
2008,201005,6611464827.64,93575761.84,486.0,0.01415356,0.15722572,5104446.73,23.0,0.00077206,0.00922548
2008,201006,6500306794.34,130413279.91,637.0,0.02006263,0.21588491,3912908.46,20.0,0.00060196,0.00719962
2008,201007,6352401443.36,163658079.52,752.0,0.02576318,0.26890392,5403541.08,28.0,0.00085063,0.01015994
2008,201008,6169707404.08,223480438.03,1093.0,0.03622221,0.35772212,7335321.9,30.0,0.00118893,0.01417418
2008,201009,5925515427.73,234348143.59,1102.0,0.03954899,0.38382707,4257707.09,23.0,0.00071854,0.00858846
2008,201010,5674188115.26,222856918.11,1081.0,0.03927556,0.38171877,4079327.18,18.0,0.00071893,0.00859309
2008,201011,5433492217.12,218039738.28,1057.0,0.04012884,0.38827628,4031951.23,17.0,0.00074206,0.00886841
2008,201012,5198149307.75,189292556.6,938.0,0.03641538,0.35926516,6289436.33,29.0,0.00120994,0.01442302
2008,201101,4986671883.44,134859098.83,678.0,0.02704391,0.28035403,5203719.67,25.0,0.00104353,0.01245069
2008,201102,4835064316.02,107915312.59,528.0,0.02231931,0.23728123,7171180.93,31.0,0.00148316,0.01765347
2008,201103,4707588564.23,84320126.88,443.0,0.01791153,0.19497877,5665057.69,33.0,0.00120339,0.01434547
2008,201104,4606071112.14,58496338.71,317.0,0.01269983,0.14219115,8298923.25,39.0,0.00180174,0.02140786
2008,201105,4526720077.46,63586676.89,343.0,0.01404696,0.15613157,5077706.41,26.0,0.00112172,0.01337789
2008,201106,4449307862.71,72717178.63,391.0,0.01634348,0.17941855,6384850.81,33.0,0.00143502,0.01708499
2008,201107,4356948429.99,74039710.6,397.0,0.01699348,0.18590181,5914203.27,26.0,0.00135742,0.01616796
2008,201108,4266182722.85,87518525.2,454.0,0.02051448,0.22021256,4048242.67,24.0,0.00094891,0.01132773
2008,201109,4165474510.02,90020785.37,492.0,0.02161117,0.23062544,6929601.16,32.0,0.00166358,0.01978132
2008,201110,4058860765.66,105559315.17,543.0,0.02600713,0.27109767,7026161.11,34.0,0.00173107,0.02057617
2008,201111,3934952868.12,112176482.86,591.0,0.02850771,0.29323942,7427514.29,34.0,0.00188757,0.02241721
2008,201112,3807483410.3,91210681.81,492.0,0.02395563,0.25245954,8275417.2,37.0,0.00217346,0.025772
2008,201201,3700285157.84,86473969.3,469.0,0.02336954,0.24705514,5017172.62,26.0,0.00135589,0.01614987
2008,201202,3600342224.32,95701624.12,523.0,0.02658126,0.27623688,7732167.35,39.0,0.00214762,0.0254692
2008,201203,3487673613.67,97312109.91,542.0,0.02790172,0.28793102,7402573.45,38.0,0.0021225,0.02517472
2008,201204,3374975316.26,105891938.09,548.0,0.03137562,0.31787376,6213928.99,40.0,0.00184118,0.02187176
2008,201205,3254464407.81,109481427.21,598.0,0.03364038,0.33676829,8567378.04,42.0,0.0026325,0.03113661
2008,201206,3129515785.51,90079789.75,480.0,0.02878394,0.29564716,8798570.64,43.0,0.00281148,0.03322093
2008,201207,3023744545.45,102278863.8,547.0,0.03382523,0.33828909,9512574.07,47.0,0.00314596,0.03710509
2008,201208,2906403717.91,95173314.59,526.0,0.03274608,0.32936532,6320072.43,35.0,0.00217453,0.02578457
2008,201209,2798496815.32,91333021.17,516.0,0.03263646,0.32845272,6383559.2,34.0,0.00228107,0.02703199
2008,201210,2694888216.95,100954407.06,586.0,0.03746145,0.3675625,6210865.7,33.0,0.00230468,0.02730832
2008,201211,2581538689.41,83282909.54,484.0,0.03226096,0.32531796,6884540.65,36.0,0.00266684,0.03153679
2008,201212,2485938168.88,89225058.48,510.0,0.03589191,0.35507569,4397080.14,24.0,0.00176878,0.0210201
2008,201301,2387330444.91,85642711.57,478.0,0.03587384,0.35493066,5343648.83,26.0,0.00223834,0.02653182
2008,201302,2290980033.46,87176089.61,519.0,0.03805188,0.37220215,7072139.22,35.0,0.00308695,0.03642089
2008,201303,2192004492.04,94895786.38,546.0,0.04329178,0.41203153,6371747.61,34.0,0.00290681,0.03432946
2008,201304,2086015257.66,89175312.78,532.0,0.04274912,0.40801691,4128273.12,25.0,0.00197902,0.02349149
2008,201305,1987990578.13,90158220.22,531.0,0.04535143,0.42704264,6801615.21,35.0,0.00342135,0.04029239
2008,201306,1886643014.53,72261767.07,428.0,0.03830177,0.37415642,2568679.22,15.0,0.00136151,0.0162163
2008,201307,1807525373.76,71040203.29,417.0,0.03930247,0.38192651,4390620.71,22.0,0.00242908,0.02876265
2008,201308,1727788018.62,60523386.41,371.0,0.03502941,0.34811805,4007054.45,20.0,0.00231918,0.02747792
2008,201309,1659975029.96,40026838.06,261.0,0.02411292,0.25390378,3550819.18,20.0,0.00213908,0.02536911
2008,201310,1613239298.44,40265075.87,242.0,0.02495915,0.26163049,2803348.35,18.0,0.00173771,0.02065442
2008,201311,1564050707.58,28088210.37,203.0,0.01795863,0.19544193,3537921.31,20.0,0.00226202,0.02680912
2008,201312,1528938688.82,29611270.17,197.0,0.01936721,0.20918126,3116116.04,14.0,0.00203809,0.02418479
2008,201401,1492056170.5,22448469.84,146.0,0.01504532,0.16632851,3120906.08,19.0,0.00209168,0.02481342
2008,201402,1463081303.16,23218542.56,151.0,0.01586962,0.17466233,1959649.25,12.0,0.0013394,0.01595491
2008,201403,1434545227.04,20367073.88,152.0,0.01419758,0.15767722,4448447.31,25.0,0.00310095,0.03658322
2008,201404,1406474146.21,21689710.53,153.0,0.01542134,0.1701396,5495810.0,30.0,0.00390751,0.04589539
2008,201405,1375482901.22,19405653.44,133.0,0.01410825,0.15676077,3414538.65,22.0,0.00248243,0.02938577
2008,201406,1348729115.3,21603821.97,143.0,0.01601791,0.17615346,3186839.73,19.0,0.00236285,0.02798856
2008,201407,1320696371.98,22606486.2,155.0,0.0171171,0.18712948,3116026.55,19.0,0.00235938,0.02794805
2008,201408,1291788859.15,22521123.39,139.0,0.01743406,0.19026955,2523213.45,15.0,0.00195327,0.02318907
2008,201409,1260816458.02,17232679.3,125.0,0.01366787,0.15222979,3934289.96,20.0,0.00312043,0.03680915
2008,201410,1236906806.19,20240189.87,147.0,0.01636355,0.17961946,2368646.66,17.0,0.00191498,0.02273922
2008,201411,1211054611.53,17337219.03,122.0,0.0143158,0.15888859,2649284.0,12.0,0.00218758,0.02593746
2008,201412,1187898386.83,17650815.6,124.0,0.01485886,0.16443263,2935474.3,15.0,0.00247115,0.02925406
2008,201501,1164566287.93,15836682.74,115.0,0.01359878,0.15151689,1718389.62,11.0,0.00147556,0.01756375
2008,201502,1144510275.23,13557070.19,88.0,0.0118453,0.13323917,2516894.52,15.0,0.0021991,0.02607237
2008,201503,1126144691.1,19581239.39,141.0,0.01738785,0.1898125,1387794.07,7.0,0.00123234,0.01468827
2008,201504,1103074556.85,19097706.44,140.0,0.01731316,0.18907315,2946644.61,13.0,0.0026713,0.03158882
2008,201505,1078114678.21,19082391.03,140.0,0.01769978,0.19289339,2877877.88,16.0,0.00266936,0.03156622
2008,201506,1051382356.45,20578707.28,148.0,0.019573,0.21117049,2058807.11,10.0,0.00195819,0.02324685
2008,201507,1025996239.56,17341238.46,117.0,0.01690185,0.18499077,1219744.4,9.0,0.00118884,0.01417316
2008,201508,1004532392.22,14107244.26,117.0,0.01404359,0.15609694,1265949.71,8.0,0.00126024,0.01501847
2008,201509,986570738.61,13777305.12,117.0,0.01396484,0.15528773,1196551.76,5.0,0.00121284,0.01445738
2008,201510,968146034.62,15897107.5,122.0,0.01642015,0.18018577,1367517.91,11.0,0.00141251,0.01681908
2008,201511,947503270.06,7617308.66,66.0,0.00803935,0.09231879,2084933.41,9.0,0.00220045,0.02608816
2008,201512,935029417.45,18105758.97,120.0,0.01936384,0.20914867,886019.34,4.0,0.00094758,0.01131194
2008,201601,913278793.64,13904585.07,99.0,0.01522491,0.16815068,2119151.76,12.0,0.00232038,0.02749191
2008,201602,894566124.73,13572474.45,97.0,0.01517213,0.16761555,1419886.41,9.0,0.00158723,0.01888142
2008,201603,874770517.55,11650967.59,92.0,0.01331888,0.14862324,2578400.8,10.0,0.00294752,0.0348024
2008,201604,857597902.68,12370755.69,87.0,0.01442489,0.16000496,1694317.96,11.0,0.00197566,0.02345194
2008,201605,839990863.56,13209460.5,93.0,0.01572572,0.17321299,2264640.15,11.0,0.00269603,0.03187691
2008,201606,820486866.53,14211639.6,111.0,0.01732098,0.18915062,2005298.7,9.0,0.00244404,0.02893738
2008,201607,801859261.19,9859906.87,86.0,0.01229631,0.13797445,989350.74,7.0,0.00123382,0.01470579
2008,201608,788834768.99,12154814.77,88.0,0.01540857,0.17001045,1157717.5,8.0,0.00146763,0.01747009
2008,201609,773252256.71,9800336.6,88.0,0.01267418,0.14192362,717433.23,3.0,0.00092781,0.01107711
2008,201610,760748836.68,11041275.89,96.0,0.01451369,0.16091274,230895.06,1.0,0.00030351,0.00363605
2008,201611,747450407.6,11263473.15,89.0,0.01506919,0.16657088,731817.44,7.0,0.00097908,0.01168596
2008,201612,733308921.77,11719402.08,82.0,0.01598153,0.17578792,967180.29,6.0,0.00131893,0.01571281
2008,201701,712946226.93,8206795.53,61.0,0.0115111,0.12971487,491404.12,4.0,0.00068926,0.00823982
2008,201702,702078428.73,8399107.3,73.0,0.0119632,0.13447937,160954.24,3.0,0.00022925,0.00274758
2008,201703,691249932.65,8915234.28,78.0,0.01289727,0.14424734,773947.18,8.0,0.00111963,0.01335318
2008,201704,679346857.87,8213569.84,66.0,0.01209039,0.13581542,827345.41,4.0,0.00121785,0.01451676
2008,201705,668224540.63,9785393.5,70.0,0.01464387,0.16224183,403965.84,4.0,0.00060454,0.00723036
2008,201706,652782828.11,8979208.95,77.0,0.01375528,0.15313086,500320.11,3.0,0.00076644,0.00915863
2008,201707,641019891.82,6887795.2,56.0,0.01074506,0.12158701,426605.38,4.0,0.00066551,0.00795696
2008,201708,632222131.5,8795434.38,77.0,0.01391194,0.1547437,895440.91,6.0,0.00141634,0.01686429
2008,201709,613492759.52,5230976.34,48.0,0.00852655,0.09765405,168236.22,2.0,0.00027423,0.00328576
2008,201710,606689040.03,5258078.26,47.0,0.00866684,0.09918504,689968.6,4.0,0.00113727,0.01356219
2008,201711,594679132.01,6505533.42,51.0,0.01093957,0.12365739,591036.95,3.0,0.00099388,0.01186153
2008,201712,583242241.05,6959725.66,59.0,0.01193282,0.13415994,127284.41,1.0,0.00021824,0.00261569
2008,201801,567246571.96,6774236.93,49.0,0.01194231,0.13425975,443905.08,3.0,0.00078256,0.00935042
2008,201802,558450120.74,3490973.68,36.0,0.00625118,0.07248808,526945.56,4.0,0.00094359,0.01126445
2008,201803,552442788.46,6474510.26,63.0,0.01171978,0.13191707,673527.02,6.0,0.00121918,0.01453245
2008,201804,537505887.08,5296761.75,59.0,0.00985433,0.1120488,406189.52,3.0,0.00075569,0.00903072
2008,201805,530195528.38,3850411.39,50.0,0.00726225,0.08374902,798145.95,5.0,0.00150538,0.01791575
2008,201806,523298147.89,4244856.48,44.0,0.00811174,0.09311333,130050.61,1.0,0.00024852,0.00297818
2008,201807,511308896.34,3360821.54,40.0,0.00657298,0.07608582,93701.44,1.0,0.00018326,0.00219688
2008,201808,506236378.63,4784676.53,46.0,0.00945147,0.10770367,163991.41,2.0,0.00032394,0.00388039
2008,201809,493182562.92,3881173.95,32.0,0.00786965,0.09045367,439666.0,3.0,0.00089149,0.01064555
2008,201810,487634706.84,3994414.81,38.0,0.00819141,0.09398707,492199.95,3.0,0.00100936,0.01204533
2008,201811,481479170.64,2922843.82,34.0,0.00607055,0.07046296,170042.43,2.0,0.00035317,0.00422978
2008,201812,467019197.8,2283323.66,28.0,0.00488914,0.0571175,239108.36,2.0,0.00051199,0.00612659
2008,201901,462205411.8,2655943.64,31.0,0.00574624,0.06681683,189479.44,2.0,0.00040995,0.00490828
2008,201902,457911447.32,1712435.03,22.0,0.00373966,0.04396436,872491.41,6.0,0.00190537,0.02262636
2008,201903,453609627.84,4346226.65,36.0,0.00958143,0.10910746,186212.04,3.0,0.00041051,0.00491503
2008,201904,441617433.4,3672714.93,51.0,0.00831651,0.09535746,671365.73,4.0,0.00152024,0.01809115
2008,201905,435780815.95,4107610.44,44.0,0.00942586,0.10742686,204754.57,2.0,0.00046986,0.00562373
2008,201906,419904294.85,4559600.29,44.0,0.01085867,0.1227968,524681.09,2.0,0.00124953,0.01489169
2008,201907,413417251.28,4661870.62,42.0,0.01127643,0.12723233,135622.24,2.0,0.00032805,0.00392953
2008,201908,406323708.41,3159436.19,42.0,0.00777566,0.08941917,1000345.68,4.0,0.00246194,0.02914654
2008,201909,393081578.1,4124853.44,34.0,0.01049363,0.11890422,628190.82,3.0,0.00159812,0.01900975
2008,201910,383630287.79,3192129.52,36.0,0.00832085,0.09540497,318738.53,3.0,0.00083085,0.00992474
2008,201911,378674923.79,3269042.57,30.0,0.00863285,0.09881427,326583.77,2.0,0.00086244,0.01030031
2008,201912,365219772.16,3349778.86,33.0,0.00917195,0.10467751,608525.27,4.0,0.00166619,0.01981206
2008,202001,359656423.59,4812931.6,46.0,0.01338203,0.1492768,55319.1,1.0,0.00015381,0.00184417
2008,202002,352500681.96,2518961.8,30.0,0.00714598,0.08246044,653695.36,3.0,0.00185445,0.02202784
2008,202003,347958333.8,3219741.48,34.0,0.00925324,0.10555851,24823.47,1.0,7.134e-05,0.00085575
2008,202004,338843371.7,2946007.1,34.0,0.0086943,0.09948444,231272.2,1.0,0.00068253,0.00815973
2008,202005,334426818.09,3378870.02,41.0,0.01010347,0.11472614,127252.96,1.0,0.00038051,0.00455658
2008,202006,329711992.5,4376340.47,46.0,0.01327322,0.14815031,64180.53,2.0,0.00019466,0.00233338
2008,202007,324083600.14,3346660.79,36.0,0.01032654,0.11711709,0.0,0.0,0.0,0.0
2008,202008,311706345.78,3600162.94,45.0,0.01154985,0.13012423,175354.14,2.0,0.00056256,0.0067299
2008,202009,306678038.89,5041136.56,56.0,0.01643788,0.18036303,126714.23,1.0,0.00041318,0.00494695
2008,202010,294436310.27,4742611.61,47.0,0.01610743,0.1770524,39106.16,1.0,0.00013282,0.00159264
2008,202011,288549763.46,5640638.7,57.0,0.01954824,0.21093135,181362.33,1.0,0.00062853,0.00751635
2008,202012,276781691.89,5372471.53,50.0,0.0194105,0.20960014,0.0,0.0,0.0,0.0
2008,202101,269307738.01,4120915.9,45.0,0.01530188,0.16893062,394969.93,2.0,0.00146661,0.01745807
2008,202102,263775872.72,3446378.64,38.0,0.01306556,0.14599646,63503.62,1.0,0.00024075,0.00288516
2008,202103,259298916.89,4905918.89,54.0,0.01891994,0.20484204,0.0,0.0,0.0,0.0
2008,202104,253284512.88,4757145.26,51.0,0.01878182,0.20349774,281938.09,2.0,0.00111313,0.01327606
2008,202105,243144924.42,3168732.89,33.0,0.01303228,0.14565087,43402.2,1.0,0.0001785,0.00213994
2008,202106,236831489.64,4927791.05,50.0,0.02080716,0.22300407,0.0,0.0,0.0,0.0
2008,202107,229635406.14,3754252.27,37.0,0.01634875,0.17947131,0.0,0.0,0.0,0.0
2008,202108,221343162.93,3611399.28,43.0,0.01631584,0.17914179,83094.49,1.0,0.00037541,0.00449563
2008,202109,216595439.48,1922286.7,30.0,0.00887501,0.10145234,176185.72,1.0,0.00081343,0.00971764
2008,202110,213394383.34,3602131.5,36.0,0.01688016,0.18477494,101348.12,1.0,0.00047493,0.00568434
2008,202111,207948743.96,2609035.85,36.0,0.01254653,0.14059146,0.0,0.0,0.0,0.0
2008,202112,204209182.39,3253571.21,40.0,0.01593254,0.17529534,31916.18,1.0,0.00015629,0.00187389
2008,202201,198334056.11,4056864.09,42.0,0.0204547,0.21964128,88369.17,1.0,0.00044556,0.0053336
2008,202202,193417467.8,1931046.28,22.0,0.00998383,0.11344133,0.0,0.0,0.0,0.0
2008,202203,190429283.46,3533187.06,35.0,0.0185538,0.20127373,0.0,0.0,0.0,0.0
2008,202204,185984388.01,2683218.43,32.0,0.01442712,0.16002772,0.0,0.0,0.0,0.0
2008,202205,180532134.63,1621157.49,30.0,0.00897988,0.1025926,0.0,0.0,0.0,0.0
2008,202206,176838556.68,2022318.46,23.0,0.01143596,0.12892067,0.0,0.0,0.0,0.0
2008,202207,173976446.65,1203448.69,20.0,0.00691731,0.07992135,0.0,0.0,0.0,0.0
2008,202208,171897868.7,1625325.98,32.0,0.00945518,0.10774384,175972.32,2.0,0.0010237,0.0122155
2008,202209,169281567.52,796115.97,20.0,0.00470291,0.05499782,141792.56,1.0,0.00083761,0.01000519
2008,202210,167378762.4,1657399.8,28.0,0.00990209,0.11256262,0.0,0.0,0.0,0.0
2008,202211,164432892.45,473308.0,10.0,0.00287843,0.0339995,0.0,0.0,0.0,0.0
2008,202212,163181948.73,371079.13,20.0,0.00227402,0.02694953,0.0,0.0,0.0,0.0
2008,202301,162011079.52,300307.46,20.0,0.00185362,0.0220181,0.0,0.0,0.0,0.0
2008,202302,160919919.35,480127.84,28.0,0.00298364,0.035222,293518.18,2.0,0.001824,0.02166977
2008,202303,159445452.38,1280350.49,37.0,0.00803002,0.09221638,218442.81,1.0,0.00137002,0.01631688
2008,202304,157121555.35,1212597.98,28.0,0.00771758,0.08877931,52772.69,1.0,0.00033587,0.00402302
2008,202305,155117765.76,1096768.04,30.0,0.00707055,0.08162363,0.0,0.0,0.0,0.0
2008,202306,153169237.72,620995.29,19.0,0.00405431,0.04758136,76952.99,1.0,0.00050241,0.00601223
2008,202307,151762545.9,1613899.49,32.0,0.01063437,0.1204069,0.0,0.0,0.0,0.0
2008,202308,149503083.98,686368.4,22.0,0.004591,0.05372195,127731.42,1.0,0.00085437,0.01020444
2008,202309,147046269.53,437264.96,17.0,0.00297366,0.035106,0.0,0.0,0.0,0.0
2008,202310,145964981.66,196721.7,18.0,0.00134773,0.01605344,0.0,0.0,0.0,0.0
2008,202311,144610708.52,578752.72,10.0,0.00400214,0.04698256,0.0,0.0,0.0,0.0
2008,202312,142029390.92,585138.88,19.0,0.00411984,0.04833314,0.0,0.0,0.0,0.0
2008,202401,140779349.86,535980.4,11.0,0.00380724,0.04474221,230365.75,3.0,0.00163636,0.01946056
2008,202402,139413724.05,521294.15,9.0,0.00373919,0.04395888,0.0,0.0,0.0,0.0
2008,202403,138319109.83,575225.35,7.0,0.00415868,0.04877843,0.0,0.0,0.0,0.0
2008,202404,135714928.07,590451.31,9.0,0.00435067,0.05097675,145948.98,1.0,0.00107541,0.01282885
2008,202405,134325356.69,171889.96,6.0,0.00127965,0.01524823,0.0,0.0,0.0,0.0
2008,202406,132870355.52,601422.03,6.0,0.00452638,0.05298457,0.0,0.0,0.0,0.0
2008,202407,131751359.1,829793.15,6.0,0.00629818,0.07301427,207587.84,2.0,0.0015756,0.01874425
2008,202408,130119028.5,220113.45,5.0,0.00169163,0.02011177,386283.06,1.0,0.00296869,0.03504833
2008,202409,128913133.9,273746.54,7.0,0.0021235,0.02518644,0.0,0.0,0.0,0.0
2008,202410,127588891.96,531919.3,12.0,0.00416901,0.04889678,411815.84,1.0,0.00322768,0.0380519
2008,202411,125263180.41,603076.06,8.0,0.00481447,0.05626813,0.0,0.0,0.0,0.0
2008,202412,123982650.66,269935.96,11.0,0.00217721,0.02581589,0.0,0.0,0.0,0.0
2008,202501,123116503.77,758784.12,11.0,0.00616314,0.0715015,0.0,0.0,0.0,0.0
2008,202502,121769065.3,291339.06,6.0,0.00239255,0.02833584,0.0,0.0,0.0,0.0
2008,202503,120856967.7,1086075.83,13.0,0.00898646,0.10266403,0.0,0.0,0.0,0.0
2008,202504,118295991.48,930114.62,13.0,0.0078626,0.09037617,34123.51,1.0,0.00028846,0.00345602
2008,202505,116742494.92,91941.96,2.0,0.00078756,0.00940992,0.0,0.0,0.0,0.0
2008,202506,115139239.47,394146.81,9.0,0.00342322,0.04031397,0.0,0.0,0.0,0.0
2008,202507,114105523.56,809591.5,7.0,0.00709511,0.0818962,73998.2,1.0,0.00064851,0.00775438
2008,202508,112661832.46,487655.88,7.0,0.00432849,0.05072301,30612.75,1.0,0.00027172,0.0032558
2008,202509,111528958.28,783154.16,8.0,0.00702198,0.08108441,33308.67,1.0,0.00029865,0.00357798
2008,202510,109706594.3,1129047.49,12.0,0.01029152,0.11674216,0.0,0.0,0.0,0.0
2008,202511,107695591.11,225488.99,6.0,0.00209376,0.02483783,95227.21,1.0,0.00088423,0.01055926
2008,202512,106876163.45,434332.05,9.0,0.00406388,0.04769121,0.0,0.0,0.0,0.0
2008,202601,105859116.34,684012.16,10.0,0.00646153,0.0748413,0.0,0.0,0.0,0.0
2008,202602,104630043.99,191113.37,3.0,0.00182656,0.02169989,0.0,0.0,0.0,0.0
2008,202603,103907556.74,653145.65,7.0,0.00628583,0.07287611,0.0,0.0,0.0,0.0
2019,201901,0.0,0.0,,,,0.0,,,
2019,201902,8341000.0,0.0,3.0,0.0,0.0,0.0,0.0,0.0,0.0
2019,201903,713133000.0,1639000.0,10.0,0.00229831,0.02723374,0.0,0.0,0.0,0.0
2019,201904,1606723000.0,4579000.0,22.0,0.0028499,0.03366781,0.0,0.0,0.0,0.0
2019,201905,2839266000.0,9613000.0,35.0,0.00338573,0.03988071,0.0,0.0,0.0,0.0
2019,201906,3812739000.0,16311000.0,62.0,0.00427803,0.05014548,0.0,0.0,0.0,0.0
2019,201907,4818415000.0,46485000.0,167.0,0.00964736,0.10981895,0.0,0.0,0.0,0.0
2019,201908,5867574000.0,65932000.0,221.0,0.01123667,0.12681109,0.0,0.0,0.0,0.0
2019,201909,6771891412.93,104140788.17,334.0,0.01537839,0.16970512,0.0,0.0,0.0,0.0
2019,201910,7661080462.6,136362599.13,452.0,0.0177994,0.19387504,0.0,0.0,0.0,0.0
2019,201911,8614421717.35,123992302.29,423.0,0.01439357,0.1596846,0.0,0.0,0.0,0.0
2019,201912,9822847089.31,134586040.98,449.0,0.01370133,0.15257478,0.0,0.0,0.0,0.0
2019,202001,10693663264.03,128915516.23,438.0,0.01205532,0.13544718,0.0,0.0,0.0,0.0
2019,202002,11561227863.71,171958950.65,587.0,0.01487376,0.16458429,0.0,0.0,0.0,0.0
2019,202003,11463826227.35,299783914.42,973.0,0.02615042,0.27238347,0.0,0.0,0.0,0.0
2019,202004,11158933978.07,402816670.26,1340.0,0.03609813,0.35672916,0.0,0.0,0.0,0.0
2019,202005,10746091715.18,365943248.35,1262.0,0.03405361,0.3401636,0.0,0.0,0.0,0.0
2019,202006,10355723589.33,410406498.94,1421.0,0.03963089,0.38445726,0.0,0.0,0.0,0.0
2019,202007,9919424051.56,425528764.91,1438.0,0.04289854,0.40912479,0.0,0.0,0.0,0.0
2019,202008,9468805839.33,430151377.01,1465.0,0.04542826,0.42759572,0.0,0.0,0.0,0.0
2019,202009,9014196584.25,422541180.82,1504.0,0.04687508,0.4379203,0.0,0.0,0.0,0.0
2019,202010,8570679757.88,459101306.31,1634.0,0.0535665,0.483487,109168.63,1.0,1.274e-05,0.00015284
2019,202011,8091794552.01,398345978.86,1436.0,0.04922839,0.45434959,0.0,0.0,0.0,0.0
2019,202012,7674549440.26,417381380.86,1535.0,0.05438513,0.48882276,0.0,0.0,0.0,0.0
2019,202101,7236303499.11,345726559.87,1281.0,0.04777668,0.44426755,0.0,0.0,0.0,0.0
2019,202102,6871757003.46,358591040.12,1338.0,0.05218331,0.4743554,0.0,0.0,0.0,0.0
2019,202103,6496872105.05,393985308.76,1564.0,0.06064231,0.52796744,0.0,0.0,0.0,0.0
2019,202104,6084175276.39,293249616.8,1162.0,0.04819875,0.44721624,72781.84,1.0,1.196e-05,0.00014354
2019,202105,5775430155.84,207071063.52,865.0,0.03585379,0.35476966,0.0,0.0,0.0,0.0
2019,202106,5553524050.05,227774529.87,934.0,0.04101441,0.39501451,0.0,0.0,0.0,0.0
2019,202107,5310694780.26,207909972.67,873.0,0.0391493,0.38074298,0.0,0.0,0.0,0.0
2019,202108,5088379284.98,206620862.73,884.0,0.04060642,0.39191863,0.0,0.0,0.0,0.0
2019,202109,4868756122.02,194325001.4,864.0,0.03991266,0.38662097,0.0,0.0,0.0,0.0
2019,202110,4661960100.82,182848608.62,790.0,0.0392214,0.38130038,154696.94,1.0,3.318e-05,0.00039812
2019,202111,4465779656.98,167581582.24,732.0,0.03752572,0.36806907,103315.78,1.0,2.313e-05,0.00027758
2019,202112,4286060841.53,124280258.44,572.0,0.02899638,0.29749378,63933.18,1.0,1.492e-05,0.00017898
2019,202201,4148091958.53,103560326.46,479.0,0.02496577,0.26169072,179455.69,1.0,4.326e-05,0.00051902
2019,202202,4032090119.73,86632834.38,404.0,0.02148584,0.2294419,0.0,0.0,0.0,0.0
2019,202203,3934130771.49,73910903.76,387.0,0.0187871,0.20354912,0.0,0.0,0.0,0.0
2019,202204,3847784284.36,64242865.62,317.0,0.01669607,0.1829412,137934.34,1.0,3.585e-05,0.00043009
2019,202205,3771029165.6,45390105.41,261.0,0.01203653,0.13524986,0.0,0.0,0.0,0.0
2019,202206,3715075564.47,43944646.95,238.0,0.01182874,0.13306478,344678.38,1.0,9.278e-05,0.00111277
2019,202207,3660210339.91,36005662.59,199.0,0.00983705,0.11186277,101368.47,1.0,2.769e-05,0.00033229
2019,202208,3613473101.45,32338608.56,184.0,0.00894945,0.10226188,0.0,0.0,0.0,0.0
2019,202209,3570106409.91,26259177.46,162.0,0.00735529,0.084779,384679.34,1.0,0.00010775,0.00129224
2019,202210,3532425651.21,19606193.5,123.0,0.00555035,0.06460811,0.0,0.0,0.0,0.0
2019,202211,3501738582.63,18043333.31,101.0,0.00515268,0.06010959,173967.7,1.0,4.968e-05,0.000596
2019,202212,3472921405.45,16317858.13,107.0,0.0046986,0.05494868,0.0,0.0,0.0,0.0
2019,202301,3444603046.05,10225526.96,81.0,0.00296856,0.03504688,64967.88,1.0,1.886e-05,0.00022631
2019,202302,3423167243.63,11466754.38,76.0,0.00334975,0.03946463,468868.84,1.0,0.00013697,0.00164239
2019,202303,3400364329.61,17467008.16,108.0,0.0051368,0.05992961,0.0,0.0,0.0,0.0
2019,202304,3371357022.16,14989698.45,93.0,0.00444619,0.05206871,0.0,0.0,0.0,0.0
2019,202305,3346124804.7,17995724.13,110.0,0.00537808,0.06266179,71618.23,1.0,2.14e-05,0.00025681
2019,202306,3317018950.11,22769561.18,132.0,0.00686447,0.07933368,0.0,0.0,0.0,0.0
2019,202307,3283419055.68,19238082.36,109.0,0.00585916,0.06808785,113602.63,1.0,3.46e-05,0.00041511
2019,202308,3253922240.34,19363247.76,112.0,0.00595074,0.06911749,229812.91,1.0,7.063e-05,0.00084719
2019,202309,3223227587.57,17643396.9,108.0,0.00547383,0.06374405,147821.09,1.0,4.586e-05,0.0005502
2019,202310,3195098595.46,13015601.17,88.0,0.00407361,0.04780289,0.0,0.0,0.0,0.0
2019,202311,3172049791.13,11663041.11,74.0,0.00367682,0.04324038,77965.69,1.0,2.458e-05,0.00029491
2019,202312,3149104994.57,9490391.57,65.0,0.00301368,0.0355707,234484.94,1.0,7.446e-05,0.00089316
2019,202401,3129341887.57,10307232.14,68.0,0.00329374,0.03881664,0.0,0.0,0.0,0.0
2019,202402,3109002773.22,11456709.95,71.0,0.00368501,0.04333482,0.0,0.0,0.0,0.0
2019,202403,3087919657.9,13785060.28,93.0,0.00446419,0.05227434,0.0,0.0,0.0,0.0
2019,202404,3063118163.75,18503416.6,110.0,0.00604071,0.07012804,559944.63,3.0,0.0001828,0.00219142
2019,202405,3033670348.15,17044620.17,111.0,0.00561848,0.06537686,0.0,0.0,0.0,0.0
2019,202406,3005746176.8,14085902.81,95.0,0.00468632,0.05480883,0.0,0.0,0.0,0.0
2019,202407,2982310116.62,16711166.58,116.0,0.00560343,0.06520709,262949.5,1.0,8.817e-05,0.00105752
2019,202408,2955163927.93,15902336.06,106.0,0.0053812,0.06269712,228416.3,1.0,7.729e-05,0.00092713
2019,202409,2929100807.66,13110133.5,91.0,0.00447582,0.05240721,0.0,0.0,0.0,0.0
2019,202410,2905505797.76,12365328.67,88.0,0.00425583,0.04989132,0.0,0.0,0.0,0.0
2019,202411,2881316045.89,11064962.38,75.0,0.00384025,0.04512197,0.0,0.0,0.0,0.0
2019,202412,2860459153.26,13352100.58,79.0,0.00466782,0.05459791,0.0,0.0,0.0,0.0
2019,202501,2837405845.61,8369505.44,59.0,0.0029497,0.0348278,101838.02,1.0,3.589e-05,0.00043061
2019,202502,2819008271.27,10102485.84,68.0,0.0035837,0.04216684,0.0,0.0,0.0,0.0
2019,202503,2799507516.79,12995826.15,77.0,0.00464218,0.05430569,143267.84,1.0,5.118e-05,0.00061394
2019,202504,2775943984.65,11222000.23,78.0,0.00404259,0.04744686,0.0,0.0,0.0,0.0
2019,202505,2755471685.27,15211841.02,107.0,0.00552059,0.06427221,113234.1,1.0,4.109e-05,0.00049302
2019,202506,2729446725.93,15011029.47,97.0,0.00549966,0.06403582,231034.23,1.0,8.465e-05,0.00101527
2019,202507,2705178619.9,18345866.36,117.0,0.00678176,0.07841319,0.0,0.0,0.0,0.0
2019,202508,2677795034.07,13512339.83,87.0,0.00504607,0.05890024,179265.47,1.0,6.695e-05,0.00080305
2019,202509,2655029656.76,13591024.81,92.0,0.00511897,0.05972739,0.0,0.0,0.0,0.0
2019,202510,2632130716.94,14177981.46,95.0,0.0053865,0.06275706,0.0,0.0,0.0,0.0
2019,202511,2608297486.74,10226088.32,70.0,0.0039206,0.04604584,1151885.21,5.0,0.00044162,0.00528663
2019,202512,2588565889.43,12402372.95,91.0,0.00479121,0.05600343,0.0,0.0,0.0,0.0
2019,202601,2564491123.71,10342301.98,69.0,0.00403289,0.0473355,0.0,0.0,0.0,0.0
2019,202602,2544988796.36,10391839.66,80.0,0.00408326,0.04791349,116756.09,2.0,4.588e-05,0.00055038
2019,202603,2525537258.17,11272423.43,73.0,0.00446338,0.05226505,0.0,0.0,0.0,0.0
2020,202001,0.0,0.0,,,,0.0,,,
2020,202002,5098000.0,0.0,1.0,0.0,0.0,0.0,0.0,0.0,0.0
2020,202003,792424000.0,677000.0,8.0,0.00085434,0.01020405,0.0,0.0,0.0,0.0
2020,202004,1799657000.0,2464000.0,13.0,0.00136915,0.01630664,0.0,0.0,0.0,0.0
2020,202005,3298653000.0,8502000.0,31.0,0.00257742,0.03049429,0.0,0.0,0.0,0.0
2020,202006,4291226000.0,18997000.0,67.0,0.00442694,0.05184872,0.0,0.0,0.0,0.0
2020,202007,5333383000.0,53014000.0,155.0,0.00994003,0.11297062,0.0,0.0,0.0,0.0
2020,202008,6705398000.57,80801000.57,241.0,0.01205014,0.13539282,0.0,0.0,0.0,0.0
2020,202009,7770905847.07,134618227.05,385.0,0.01732336,0.18917418,0.0,0.0,0.0,0.0
2020,202010,8813446364.98,173191184.67,500.0,0.01965079,0.21192121,0.0,0.0,0.0,0.0
2020,202011,9944141932.65,182701396.12,545.0,0.01837277,0.19950397,0.0,0.0,0.0,0.0
2020,202012,11060028841.99,224641223.8,671.0,0.02031109,0.21826724,0.0,0.0,0.0,0.0
2020,202101,11973657293.22,220571630.8,632.0,0.01842141,0.19997984,0.0,0.0,0.0,0.0
2020,202102,12905502716.72,253750498.46,757.0,0.01966219,0.21203121,0.0,0.0,0.0,0.0
2020,202103,12692085740.29,303900943.83,944.0,0.02394413,0.25235379,0.0,0.0,0.0,0.0
2020,202104,12356420135.65,201801757.13,649.0,0.01633173,0.17930094,0.0,0.0,0.0,0.0
2020,202105,12116945364.21,163717479.21,555.0,0.01351145,0.15061498,0.0,0.0,0.0,0.0
2020,202106,11921917019.46,205602144.57,704.0,0.01724573,0.18840515,0.0,0.0,0.0,0.0
2020,202107,11681468060.63,184167681.43,630.0,0.0157658,0.1736169,0.0,0.0,0.0,0.0
2020,202108,11462153260.88,249088840.57,805.0,0.02173142,0.23175937,0.0,0.0,0.0,0.0
2020,202109,11179481335.0,241123789.53,812.0,0.02156842,0.23022196,0.0,0.0,0.0,0.0
2020,202110,10905384845.15,192902326.05,699.0,0.01768872,0.19278437,0.0,0.0,0.0,0.0
2020,202111,10680316384.46,178675154.43,637.0,0.01672939,0.18327338,0.0,0.0,0.0,0.0
2020,202112,10467813360.49,157374818.53,570.0,0.01503416,0.16621514,0.0,0.0,0.0,0.0
2020,202201,10277772490.52,116353337.26,437.0,0.01132087,0.12770297,0.0,0.0,0.0,0.0
2020,202202,10132524278.19,94440899.45,373.0,0.00932057,0.10628767,0.0,0.0,0.0,0.0
2020,202203,10007442418.96,99436375.53,418.0,0.00993624,0.11292987,0.0,0.0,0.0,0.0
2020,202204,9875072334.9,75257043.73,304.0,0.00762091,0.08771349,0.0,0.0,0.0,0.0
2020,202205,9767738606.31,71175140.39,313.0,0.00728676,0.08402044,0.0,0.0,0.0,0.0
2020,202206,9666116357.12,59589913.62,251.0,0.00616482,0.0715204,0.0,0.0,0.0,0.0
2020,202207,9577547894.25,51425064.38,239.0,0.00536934,0.0625629,0.0,0.0,0.0,0.0
2020,202208,9497292908.17,55104691.17,233.0,0.00580215,0.0674463,0.0,0.0,0.0,0.0
2020,202209,9413309729.67,38504515.57,170.0,0.00409043,0.04799583,0.0,0.0,0.0,0.0
2020,202210,9343982720.01,43996032.61,197.0,0.00470849,0.05506137,0.0,0.0,0.0,0.0
2020,202211,9271966412.47,26168427.83,124.0,0.00282232,0.033347,201270.02,1.0,2.171e-05,0.00026046
2020,202212,9217473891.33,21725800.22,94.0,0.00235702,0.02792048,0.0,0.0,0.0,0.0
2020,202301,9165965056.33,19155849.23,93.0,0.00208989,0.0247924,0.0,0.0,0.0,0.0
2020,202302,9118787275.68,28737330.08,129.0,0.00315144,0.03716866,0.0,0.0,0.0,0.0
2020,202303,9062966157.05,36557748.22,163.0,0.00403375,0.04734542,0.0,0.0,0.0,0.0
2020,202304,8994103565.56,39395387.02,164.0,0.00438013,0.05131368,0.0,0.0,0.0,0.0
2020,202305,8927722719.23,38035219.18,164.0,0.00426035,0.04994311,0.0,0.0,0.0,0.0
2020,202306,8860897185.23,40136969.88,182.0,0.00452967,0.05302214,0.0,0.0,0.0,0.0
2020,202307,8792284007.02,35082581.86,165.0,0.00399016,0.04684491,178724.52,2.0,2.033e-05,0.0002439
2020,202308,8729854871.66,34518650.0,150.0,0.00395409,0.04643069,0.0,0.0,0.0,0.0
2020,202309,8667871296.13,31390463.63,143.0,0.00362147,0.04260245,0.0,0.0,0.0,0.0
2020,202310,8609181618.15,29552266.76,142.0,0.00343265,0.04042289,0.0,0.0,0.0,0.0
2020,202311,8551753954.29,18205471.76,91.0,0.00212886,0.0252493,0.0,0.0,0.0,0.0
2020,202312,8506813954.43,17504061.79,99.0,0.00205765,0.02441429,0.0,0.0,0.0,0.0
2020,202401,8461591359.43,21072954.91,109.0,0.00249042,0.02947913,0.0,0.0,0.0,0.0
2020,202402,8413291547.76,19915628.94,86.0,0.00236716,0.02803903,195797.9,2.0,2.327e-05,0.00027923
2020,202403,8365851431.34,27046083.24,135.0,0.00323291,0.03811254,104310.0,1.0,1.247e-05,0.00014961
2020,202404,8309997957.91,27638888.34,129.0,0.00332598,0.03918969,40942.95,1.0,4.93e-06,5.912e-05
2020,202405,8254561128.98,35042132.13,164.0,0.00424518,0.04976946,232163.17,2.0,2.813e-05,0.00033745
2020,202406,8190421619.52,34806325.55,153.0,0.00424964,0.04982046,0.0,0.0,0.0,0.0
2020,202407,8130454427.6,32246090.43,152.0,0.00396609,0.04656848,0.0,0.0,0.0,0.0
2020,202408,8070592725.79,33296315.71,162.0,0.00412563,0.04839954,203756.27,1.0,2.525e-05,0.00030292
2020,202409,8009379627.92,31536670.5,154.0,0.00393747,0.04623968,0.0,0.0,0.0,0.0
2020,202410,7951543261.48,24728419.51,133.0,0.00310989,0.03668693,0.0,0.0,0.0,0.0
2020,202411,7899261277.73,26254401.28,134.0,0.00332365,0.03916277,334413.45,2.0,4.233e-05,0.0005079
2020,202412,7845206621.94,25626702.19,125.0,0.00326654,0.03850188,0.0,0.0,0.0,0.0
2020,202501,7792229252.73,18584294.15,93.0,0.00238498,0.02824729,0.0,0.0,0.0,0.0
2020,202502,7745962527.46,22330784.65,105.0,0.00288289,0.03405143,140555.27,1.0,1.815e-05,0.00021773
2020,202503,7697476999.73,28035543.44,134.0,0.00364217,0.0428411,0.0,0.0,0.0,0.0
2020,202504,7641696126.21,28524056.67,139.0,0.00373269,0.04388401,325221.36,2.0,4.256e-05,0.00051059
2020,202505,7586002679.97,32031310.74,148.0,0.00422242,0.04950877,0.0,0.0,0.0,0.0
2020,202506,7525861158.11,28249297.18,143.0,0.00375363,0.04412517,133192.16,1.0,1.77e-05,0.00021235
2020,202507,7471992856.58,28706469.41,143.0,0.00384188,0.04514072,0.0,0.0,0.0,0.0
2020,202508,7416273272.65,34569222.61,159.0,0.00466127,0.05452323,297186.94,1.0,4.007e-05,0.00048076
2020,202509,7354904530.31,23214789.36,115.0,0.00315637,0.03722576,0.0,0.0,0.0,0.0
2020,202510,7302904997.59,29756650.3,150.0,0.00407463,0.04781456,0.0,0.0,0.0,0.0
2020,202511,7245176836.09,25526884.45,131.0,0.00352329,0.04146977,0.0,0.0,0.0,0.0
2020,202512,7195391923.74,23867791.46,126.0,0.00331709,0.03908689,0.0,0.0,0.0,0.0
2020,202601,7142667326.14,17758778.73,92.0,0.0024863,0.02943091,48473.99,1.0,6.79e-06,8.144e-05
2020,202602,7098754776.2,15650742.99,86.0,0.00220472,0.02613813,223607.52,1.0,3.15e-05,0.00037793
2020,202603,7056810033.91,26974906.23,136.0,0.00382254,0.04491823,197026.2,1.0,2.792e-05,0.00033499
2021,202101,0.0,0.0,1.0,,,0.0,0.0,,
2021,202102,6366000.0,0.0,,0.0,0.0,0.0,,0.0,0.0
2021,202103,1076465000.0,785000.0,5.0,0.00072924,0.00871585,0.0,0.0,0.0,0.0
2021,202104,2279056000.0,4716000.0,14.0,0.00206928,0.02455067,0.0,0.0,0.0,0.0
2021,202105,3538277000.0,6111000.0,24.0,0.00172711,0.0205296,0.0,0.0,0.0,0.0
2021,202106,4647407000.0,11691000.0,44.0,0.0025156,0.02977298,0.0,0.0,0.0,0.0
2021,202107,5690068000.0,22709000.0,71.0,0.00399099,0.04685448,0.0,0.0,0.0,0.0
2021,202108,6957397000.0,33501000.0,108.0,0.00481516,0.05627599,0.0,0.0,0.0,0.0
2021,202109,8035614792.75,44260000.0,146.0,0.00550798,0.06412976,0.0,0.0,0.0,0.0
2021,202110,9221574059.82,47283134.12,162.0,0.00512745,0.0598235,0.0,0.0,0.0,0.0
2021,202111,10365358290.1,50917093.36,180.0,0.00491224,0.05738005,0.0,0.0,0.0,0.0
2021,202112,11593471926.87,62766357.34,228.0,0.00541394,0.06306726,0.0,0.0,0.0,0.0
2021,202201,12720174988.8,61541921.97,214.0,0.00483813,0.05653737,0.0,0.0,0.0,0.0
2021,202202,13690979118.53,60914272.23,221.0,0.00444923,0.0521034,0.0,0.0,0.0,0.0
2021,202203,13660474903.31,62148469.55,231.0,0.00454951,0.05324856,0.0,0.0,0.0,0.0
2021,202204,13564825697.61,67427078.82,251.0,0.00497073,0.05804474,0.0,0.0,0.0,0.0
2021,202205,13459922566.04,65412255.61,246.0,0.00485978,0.05678358,0.0,0.0,0.0,0.0
2021,202206,13357661084.9,70605548.21,268.0,0.00528577,0.06161737,0.0,0.0,0.0,0.0
2021,202207,13250091292.64,50068194.83,195.0,0.00377871,0.04441385,0.0,0.0,0.0,0.0
2021,202208,13161850077.05,57689949.72,244.0,0.00438312,0.05134779,0.0,0.0,0.0,0.0
2021,202209,13065884589.79,46078910.83,184.0,0.00352666,0.04150861,0.0,0.0,0.0,0.0
2021,202210,12981754682.34,33001596.54,142.0,0.00254215,0.03008289,0.0,0.0,0.0,0.0
2021,202211,12912441766.07,29516063.16,131.0,0.00228586,0.0270881,0.0,0.0,0.0,0.0
2021,202212,12847009911.61,26503577.98,105.0,0.00206302,0.02447721,0.0,0.0,0.0,0.0
2021,202301,12780981120.48,25493560.55,110.0,0.00199465,0.02367493,0.0,0.0,0.0,0.0
2021,202302,12720306956.03,26496760.19,114.0,0.00208303,0.02471195,0.0,0.0,0.0,0.0
2021,202303,12659648015.87,41989355.72,183.0,0.00331679,0.03908334,0.0,0.0,0.0,0.0
2021,202304,12577934572.35,35917388.08,143.0,0.00285559,0.03373395,0.0,0.0,0.0,0.0
2021,202305,12507321903.95,45229636.5,199.0,0.00361625,0.04254225,66198.13,1.0,5.29e-06,6.351e-05
2021,202306,12425593826.56,50116964.19,204.0,0.00403337,0.047341,0.0,0.0,0.0,0.0
2021,202307,12339719009.86,43483433.96,176.0,0.00352386,0.0414763,0.0,0.0,0.0,0.0
2021,202308,12262579054.24,45183642.14,188.0,0.00368468,0.04333097,0.0,0.0,0.0,0.0
2021,202309,12182559337.7,35301523.32,155.0,0.00289771,0.03422365,269775.27,2.0,2.214e-05,0.0002657
2021,202310,12112150568.5,35367415.58,151.0,0.00291999,0.03448264,0.0,0.0,0.0,0.0
2021,202311,12042763606.02,24296995.19,109.0,0.00201756,0.02394386,0.0,0.0,0.0,0.0
2021,202312,11984330883.68,30576615.71,135.0,0.00255138,0.0301906,0.0,0.0,0.0,0.0
2021,202401,11917749755.4,22638908.08,107.0,0.0018996,0.02255849,143462.27,1.0,1.204e-05,0.00014444
2021,202402,11860299144.83,24785522.6,105.0,0.00208979,0.02479123,0.0,0.0,0.0,0.0
2021,202403,11801238117.44,35779172.89,158.0,0.00303182,0.03578121,0.0,0.0,0.0,0.0
2021,202404,11730654227.11,36921573.95,162.0,0.00314744,0.03712231,0.0,0.0,0.0,0.0
2021,202405,11657961930.8,47727139.47,208.0,0.00409395,0.0480362,0.0,0.0,0.0,0.0
2021,202406,11573380491.56,40580243.69,158.0,0.00350634,0.04127409,0.0,0.0,0.0,0.0
2021,202407,11500188609.83,48193245.1,197.0,0.00419065,0.04914476,0.0,0.0,0.0,0.0
2021,202408,11417174738.73,45644026.62,197.0,0.00399784,0.04693314,343390.47,1.0,3.008e-05,0.00036086
2021,202409,11335903175.4,35669386.43,153.0,0.00314659,0.03711236,633150.62,1.0,5.585e-05,0.00067004
2021,202410,11266763940.24,43272497.33,178.0,0.00384072,0.04512743,0.0,0.0,0.0,0.0
2021,202411,11188980253.65,32787864.09,152.0,0.00293037,0.03460321,0.0,0.0,0.0,0.0
2021,202412,11122079156.18,35710726.8,147.0,0.0032108,0.03785637,0.0,0.0,0.0,0.0
2021,202501,11051052822.99,24118249.46,112.0,0.00218244,0.02587718,0.0,0.0,0.0,0.0
2021,202502,10991853066.59,26749512.61,120.0,0.00243358,0.0288152,0.0,0.0,0.0,0.0
2021,202503,10931736227.17,37033460.4,158.0,0.0033877,0.03990346,69721.41,1.0,6.38e-06,7.653e-05
2021,202504,10859963861.66,37238847.3,167.0,0.003429,0.0403808,0.0,0.0,0.0,0.0
2021,202505,10789252520.36,44631225.26,186.0,0.00413664,0.0485257,426229.37,2.0,3.95e-05,0.00047396
2021,202506,10709300385.82,48623407.7,200.0,0.0045403,0.05314341,0.0,0.0,0.0,0.0
2021,202507,10628117540.08,49637867.87,207.0,0.00467043,0.05462767,0.0,0.0,0.0,0.0
2021,202508,10544364850.82,37910054.18,157.0,0.00359529,0.0423005,89351.93,1.0,8.47e-06,0.00010168
2021,202509,10472351516.68,37239202.54,173.0,0.00355595,0.04184671,0.0,0.0,0.0,0.0
2021,202510,10400580494.24,44289753.7,191.0,0.00425839,0.0499207,416097.62,2.0,4.001e-05,0.00047998
2021,202511,10320099914.34,29042495.3,140.0,0.00281417,0.0332522,683511.19,2.0,6.623e-05,0.00079448
2021,202512,10258196301.14,32583798.98,163.0,0.00317637,0.03745751,340965.94,1.0,3.324e-05,0.00039879
2021,202601,10189311855.54,24972459.43,114.0,0.00245085,0.02901696,216158.28,2.0,2.121e-05,0.00025454
2021,202602,10130005786.44,23178987.82,114.0,0.00228815,0.02711489,0.0,0.0,0.0,0.0
2021,202603,10074275789.3,38006061.26,177.0,0.00377258,0.04434339,0.0,0.0,0.0,0.0
2022,202201,0.0,0.0,,,,0.0,,,
2022,202202,6306000.0,0.0,2.0,0.0,0.0,0.0,0.0,0.0,0.0
2022,202203,1176288000.0,1984000.0,7.0,0.00168666,0.02005323,0.0,0.0,0.0,0.0
2022,202204,2299736000.0,3882000.0,15.0,0.00168802,0.02006923,0.0,0.0,0.0,0.0
2022,202205,3517454000.0,8522000.0,40.0,0.00242278,0.028689,0.0,0.0,0.0,0.0
2022,202206,4785451000.0,9476000.0,40.0,0.00198017,0.02350493,0.0,0.0,0.0,0.0
2022,202207,5921016000.0,16695000.0,65.0,0.00281962,0.03331559,0.0,0.0,0.0,0.0
2022,202208,7203568000.01,17887000.01,77.0,0.00248308,0.02939332,0.0,0.0,0.0,0.0
2022,202209,8559940774.33,21812000.0,93.0,0.00254815,0.03015286,0.0,0.0,0.0,0.0
2022,202210,9823848433.6,24058046.36,105.0,0.00244894,0.02899471,0.0,0.0,0.0,0.0
2022,202211,10839926560.16,19082264.28,80.0,0.00176037,0.02092109,0.0,0.0,0.0,0.0
2022,202212,12134806002.62,18943661.53,79.0,0.0015611,0.01857321,0.0,0.0,0.0,0.0
2022,202301,13275044269.63,23152643.38,101.0,0.00174407,0.02072928,0.0,0.0,0.0,0.0
2022,202302,14395987056.94,29395261.92,119.0,0.00204191,0.02422957,0.0,0.0,0.0,0.0
2022,202303,14399879716.58,51933062.44,181.0,0.00360649,0.0424297,0.0,0.0,0.0,0.0
2022,202304,14316141236.07,44996282.48,176.0,0.00314305,0.03707133,0.0,0.0,0.0,0.0
2022,202305,14231672769.81,51082086.33,198.0,0.00358932,0.04223169,0.0,0.0,0.0,0.0
2022,202306,14140505516.53,67524155.53,260.0,0.00477523,0.05582147,0.0,0.0,0.0,0.0
2022,202307,14035654529.54,52709725.65,198.0,0.00375542,0.04414574,0.0,0.0,0.0,0.0
2022,202308,13949689143.24,62302584.81,242.0,0.00446623,0.0522977,31906.19,1.0,2.29e-06,2.745e-05
2022,202309,13853665282.11,47494390.83,199.0,0.00342829,0.04037257,0.0,0.0,0.0,0.0
2022,202310,13777298100.67,49681899.75,210.0,0.00360607,0.04242482,0.0,0.0,0.0,0.0
2022,202311,13696544616.81,37752900.88,163.0,0.00275638,0.03257971,0.0,0.0,0.0,0.0
2022,202312,13628638775.2,34520884.36,150.0,0.00253297,0.0299757,0.0,0.0,0.0,0.0
2022,202401,13562662192.54,34519682.74,164.0,0.0025452,0.03011845,88728.24,1.0,6.54e-06,7.85e-05
2022,202402,13498813587.29,42757756.03,174.0,0.00316752,0.03735499,0.0,0.0,0.0,0.0
2022,202403,13426055064.9,52751797.97,216.0,0.00392906,0.04614309,201559.41,1.0,1.501e-05,0.00018014
2022,202404,13340999567.29,60789906.54,246.0,0.00455662,0.05332973,707181.33,4.0,5.301e-05,0.00063591
2022,202405,13248586120.32,67947339.6,265.0,0.00512865,0.05983712,0.0,0.0,0.0,0.0
2022,202406,13149151216.19,57854193.38,238.0,0.00439984,0.05153899,166502.7,1.0,1.266e-05,0.00015194
2022,202407,13061576249.36,65964580.53,269.0,0.00505028,0.05894799,0.0,0.0,0.0,0.0
2022,202408,12967280134.04,68812612.7,260.0,0.00530663,0.06185351,232383.7,1.0,1.792e-05,0.00021503
2022,202409,12869505879.0,59268572.51,225.0,0.00460535,0.05388565,0.0,0.0,0.0,0.0
2022,202410,12782628167.96,80181497.47,288.0,0.00627269,0.07272897,476050.95,2.0,3.724e-05,0.00044681
2022,202411,12673930940.55,63671498.93,262.0,0.00502382,0.05864762,186255.77,2.0,1.47e-05,0.00017634
2022,202412,12580790456.65,62472924.02,233.0,0.00496574,0.05798804,598954.89,2.0,4.761e-05,0.00057115
2022,202501,12488462525.67,43814536.12,192.0,0.0035084,0.04129785,701405.14,5.0,5.616e-05,0.00067376
2022,202502,12415399095.13,47852676.11,197.0,0.0038543,0.04528362,149437.56,1.0,1.204e-05,0.00014443
2022,202503,12340150365.7,59882099.02,244.0,0.00485262,0.05670218,0.0,0.0,0.0,0.0
2022,202504,12250983744.04,79323116.79,294.0,0.00647484,0.07498994,188043.14,1.0,1.535e-05,0.00018418
2022,202505,12144619107.03,66970337.4,259.0,0.0055144,0.06420232,0.0,0.0,0.0,0.0
2022,202506,12047941932.13,73507826.14,292.0,0.00610128,0.07080772,1334883.57,5.0,0.0001108,0.00132876
2022,202507,11945744561.32,79226883.64,304.0,0.00663223,0.07674685,717399.97,3.0,6.005e-05,0.00072042
2022,202508,11835366744.51,81254833.21,323.0,0.00686543,0.07934437,424802.73,2.0,3.589e-05,0.00043063
2022,202509,11725506137.91,61439470.18,253.0,0.00523981,0.06109697,708846.23,3.0,6.045e-05,0.0007252
2022,202510,11635565476.6,87461527.45,332.0,0.00751674,0.08656367,0.0,0.0,0.0,0.0
2022,202511,11519039518.67,63613421.09,237.0,0.00552246,0.06429326,399271.59,1.0,3.466e-05,0.00041586
2022,202512,11429124315.78,73736774.62,278.0,0.00645166,0.07473092,390964.52,3.0,3.421e-05,0.00041042
2022,202601,11325760638.68,52826281.91,221.0,0.00466426,0.05455735,352553.48,3.0,3.113e-05,0.00037348
2022,202602,11244717800.45,65173105.04,254.0,0.00579589,0.06737582,348581.79,3.0,3.1e-05,0.00037193
2022,202603,11152971880.3,87313616.11,337.0,0.00782873,0.09000342,1642540.22,5.0,0.00014727,0.00176585
