vintage_year,property_state,loans,original_upb,upb_share_pct
2006,CA,3507,892361000.0,9.98
2006,FL,3482,625987000.0,7.0
2006,TX,3131,485577000.0,5.43
2006,IL,2592,481156000.0,5.38
2006,NY,1792,386311000.0,4.32
2006,PA,1860,311315000.0,3.48
2006,NJ,1307,301781000.0,3.38
2006,WA,1435,295923000.0,3.31
2006,VA,1436,294242000.0,3.29
2006,AZ,1515,286742000.0,3.21
2006,NC,1812,285095000.0,3.19
2006,GA,1689,276647000.0,3.09
2006,MI,1858,272082000.0,3.04
2006,MA,1098,269718000.0,3.02
2006,MD,1193,263534000.0,2.95
2006,OH,1850,245307000.0,2.74
2006,MN,1205,216820000.0,2.43
2006,WI,1383,215896000.0,2.42
2006,CO,1014,204367000.0,2.29
2006,MO,1378,191346000.0,2.14
2006,OR,956,181266000.0,2.03
2006,TN,997,151841000.0,1.7
2006,IN,1192,151407000.0,1.69
2006,SC,825,134585000.0,1.51
2006,UT,700,128202000.0,1.43
2006,CT,529,114168000.0,1.28
2006,NV,484,103002000.0,1.15
2006,AL,694,101410000.0,1.13
2006,KY,755,100685000.0,1.13
2006,LA,564,80644000.0,0.9
2006,OK,560,71459000.0,0.8
2006,NH,345,67641000.0,0.76
2006,NM,391,62944000.0,0.7
2006,KS,450,61363000.0,0.69
2006,IA,482,59470000.0,0.67
2006,ID,389,59152000.0,0.66
2006,AR,459,57247000.0,0.64
2006,HI,171,52175000.0,0.58
2006,ME,260,44916000.0,0.5
2006,RI,183,38351000.0,0.43
2006,DE,189,37287000.0,0.42
2006,AK,180,35827000.0,0.4
2006,MS,258,34729000.0,0.39
2006,NE,259,34316000.0,0.38
2006,WV,229,30412000.0,0.34
2006,MT,195,28165000.0,0.32
2006,VT,150,27080000.0,0.3
2006,DC,83,19365000.0,0.22
2006,SD,138,19143000.0,0.21
2006,PR,181,18406000.0,0.21
2006,WY,114,18057000.0,0.2
2006,ND,89,10103000.0,0.11
2006,GU,8,1227000.0,0.01
2006,VI,4,1087000.0,0.01
2007,CA,3724,998453000.0,10.94
2007,FL,3121,565031000.0,6.19
2007,TX,3378,527430000.0,5.78
2007,IL,2637,502204000.0,5.5
2007,NY,1859,409783000.0,4.49
2007,WA,1527,333352000.0,3.65
2007,NC,2028,329850000.0,3.61
2007,NJ,1371,328903000.0,3.6
2007,PA,1948,320066000.0,3.51
2007,GA,1750,292354000.0,3.2
2007,VA,1371,283055000.0,3.1
2007,AZ,1302,251810000.0,2.76
2007,MD,1095,251245000.0,2.75
2007,MI,1711,247803000.0,2.71
2007,MA,1010,245460000.0,2.69
2007,OH,1816,245223000.0,2.69
2007,CO,1031,208071000.0,2.28
2007,WI,1322,206509000.0,2.26
2007,MN,1138,200674000.0,2.2
2007,OR,905,183493000.0,2.01
2007,MO,1306,179685000.0,1.97
2007,IN,1223,156983000.0,1.72
2007,TN,1032,156200000.0,1.71
2007,SC,898,145692000.0,1.6
2007,UT,752,144715000.0,1.59
2007,CT,558,120814000.0,1.32
2007,AL,686,109148000.0,1.2
2007,NV,439,97186000.0,1.06
2007,KY,736,94841000.0,1.04
2007,LA,587,87968000.0,0.96
2007,OK,588,74921000.0,0.82
2007,IA,520,66637000.0,0.73
2007,KS,459,64267000.0,0.7
2007,AR,459,62858000.0,0.69
2007,ID,383,59968000.0,0.66
2007,NH,290,56456000.0,0.62
2007,NM,349,55179000.0,0.6
2007,HI,156,53518000.0,0.59
2007,MS,280,39318000.0,0.43
2007,ME,224,37621000.0,0.41
2007,DE,181,37614000.0,0.41
2007,NE,275,36084000.0,0.4
2007,MT,205,33697000.0,0.37
2007,RI,158,32592000.0,0.36
2007,WV,234,31282000.0,0.34
2007,AK,143,29879000.0,0.33
2007,VT,165,29668000.0,0.33
2007,DC,96,26204000.0,0.29
2007,PR,208,22211000.0,0.24
2007,WY,111,18967000.0,0.21
2007,SD,125,17952000.0,0.2
2007,ND,110,13399000.0,0.15
2007,GU,18,3678000.0,0.04
2007,VI,2,544000.0,0.01
2008,CA,5838,1600373000.0,15.66
2008,IL,2826,593333000.0,5.81
2008,TX,3112,543555000.0,5.32
2008,FL,2529,459068000.0,4.49
2008,NY,1780,431164000.0,4.22
2008,WA,1722,402262000.0,3.94
2008,NC,1860,357819000.0,3.5
2008,NJ,1364,347910000.0,3.4
2008,VA,1500,335922000.0,3.29
2008,MA,1229,317598000.0,3.11
2008,PA,1678,311554000.0,3.05
2008,GA,1580,297138000.0,2.91
2008,CO,1298,296506000.0,2.9
2008,MD,1104,271264000.0,2.65
2008,WI,1391,243449000.0,2.38
2008,AZ,1247,242520000.0,2.37
2008,MN,1163,229670000.0,2.25
2008,OR,966,211689000.0,2.07
2008,MO,1288,208394000.0,2.04
2008,OH,1357,203641000.0,1.99
2008,MI,1266,197271000.0,1.93
2008,UT,895,187800000.0,1.84
2008,SC,877,164780000.0,1.61
2008,TN,898,151136000.0,1.48
2008,IN,1052,145515000.0,1.42
2008,AL,682,122489000.0,1.2
2008,CT,525,120226000.0,1.18
2008,KY,682,104518000.0,1.02
2008,NV,475,97855000.0,0.96
2008,LA,496,84244000.0,0.82
2008,HI,211,77460000.0,0.76
2008,OK,509,75305000.0,0.74
2008,ID,411,69997000.0,0.68
2008,KS,432,66460000.0,0.65
2008,IA,469,63839000.0,0.62
2008,NM,320,60099000.0,0.59
2008,NH,284,57430000.0,0.56
2008,AR,368,52491000.0,0.51
2008,DE,193,41781000.0,0.41
2008,ME,219,38650000.0,0.38
2008,MS,239,37940000.0,0.37
2008,MT,210,37894000.0,0.37
2008,NE,229,34997000.0,0.34
2008,AK,150,33768000.0,0.33
2008,VT,168,32810000.0,0.32
2008,RI,157,31440000.0,0.31
2008,WV,198,30939000.0,0.3
2008,DC,97,27790000.0,0.27
2008,SD,110,17776000.0,0.17
2008,WY,96,17424000.0,0.17
2008,PR,144,16044000.0,0.16
2008,ND,86,11681000.0,0.11
2008,GU,15,2463000.0,0.02
2008,VI,5,1864000.0,0.02
2019,CA,5899,2182227000.0,17.14
2019,TX,3824,906813000.0,7.12
2019,FL,3281,745092000.0,5.85
2019,WA,1561,513533000.0,4.03
2019,CO,1648,509834000.0,4.01
2019,IL,2227,490825000.0,3.86
2019,AZ,1894,459476000.0,3.61
2019,NY,1443,412493000.0,3.24
2019,VA,1353,405724000.0,3.19
2019,NJ,1279,368820000.0,2.9
2019,MA,1104,361898000.0,2.84
2019,GA,1584,361271000.0,2.84
2019,NC,1546,349647000.0,2.75
2019,MI,1849,347500000.0,2.73
2019,OH,1830,313608000.0,2.46
2019,UT,1064,302329000.0,2.38
2019,PA,1392,295243000.0,2.32
2019,MN,1161,275594000.0,2.17
2019,MD,918,270104000.0,2.12
2019,OR,941,266860000.0,2.1
2019,TN,972,217049000.0,1.71
2019,IN,1207,210261000.0,1.65
2019,MO,1025,205772000.0,1.62
2019,WI,969,198908000.0,1.56
2019,NV,726,187254000.0,1.47
2019,SC,776,164121000.0,1.29
2019,KY,673,124388000.0,0.98
2019,CT,445,107415000.0,0.84
2019,AL,532,104863000.0,0.82
2019,ID,409,94451000.0,0.74
2019,LA,418,89250000.0,0.7
2019,OK,410,80423000.0,0.63
2019,IA,387,73478000.0,0.58
2019,KS,384,70717000.0,0.56
2019,AR,361,65117000.0,0.51
2019,NH,256,62289000.0,0.49
2019,HI,132,54374000.0,0.43
2019,NM,235,50387000.0,0.4
2019,ME,224,49317000.0,0.39
2019,DE,196,47644000.0,0.37
2019,NE,226,45031000.0,0.35
2019,DC,105,42020000.0,0.33
2019,MT,167,38851000.0,0.31
2019,RI,153,38775000.0,0.3
2019,MS,193,34227000.0,0.27
2019,SD,130,26504000.0,0.21
2019,AK,98,26215000.0,0.21
2019,VT,105,23319000.0,0.18
2019,WY,86,19653000.0,0.15
2019,ND,84,19116000.0,0.15
2019,WV,104,15911000.0,0.13
2019,GU,6,1538000.0,0.01
2019,PR,7,930000.0,0.01
2019,VI,1,280000.0,0.0
2020,CA,7810,3164100000.0,22.01
2020,TX,3187,845042000.0,5.88
2020,FL,2666,674144000.0,4.69
2020,WA,1693,608499000.0,4.23
2020,CO,1673,549718000.0,3.82
2020,VA,1576,538574000.0,3.75
2020,IL,2121,508490000.0,3.54
2020,AZ,1852,485046000.0,3.37
2020,MA,1377,479260000.0,3.33
2020,NJ,1414,469441000.0,3.27
2020,NY,1311,413662000.0,2.88
2020,GA,1429,361913000.0,2.52
2020,MD,1116,358035000.0,2.49
2020,OH,1786,352206000.0,2.45
2020,MI,1722,348703000.0,2.43
2020,NC,1356,337884000.0,2.35
2020,UT,1094,320045000.0,2.23
2020,PA,1275,309843000.0,2.16
2020,OR,932,285615000.0,1.99
2020,MN,1093,275947000.0,1.92
2020,TN,905,232431000.0,1.62
2020,IN,1128,218639000.0,1.52
2020,MO,1015,217895000.0,1.52
2020,WI,908,199897000.0,1.39
2020,SC,698,161035000.0,1.12
2020,NV,585,156441000.0,1.09
2020,CT,484,129586000.0,0.9
2020,AL,522,122016000.0,0.85
2020,KY,595,115314000.0,0.8
2020,LA,421,100304000.0,0.7
2020,IA,443,90785000.0,0.63
2020,ID,346,87235000.0,0.61
2020,KS,407,82245000.0,0.57
2020,NH,286,76951000.0,0.54
2020,DC,154,70658000.0,0.49
2020,AR,308,66110000.0,0.46
2020,OK,320,65441000.0,0.46
2020,HI,113,50605000.0,0.35
2020,ME,197,49438000.0,0.34
2020,NE,242,47791000.0,0.33
2020,NM,196,46146000.0,0.32
2020,DE,173,45527000.0,0.32
2020,RI,169,44760000.0,0.31
2020,MT,146,38199000.0,0.27
2020,MS,160,34024000.0,0.24
2020,SD,136,30494000.0,0.21
2020,AK,91,26756000.0,0.19
2020,ND,107,22797000.0,0.16
2020,VT,88,20763000.0,0.14
2020,WV,99,19201000.0,0.13
2020,WY,63,17287000.0,0.12
2020,PR,8,1302000.0,0.01
2020,GU,3,800000.0,0.01
2020,VI,1,173000.0,0.0
2021,CA,6434,2633405000.0,18.28
2021,TX,3557,968912000.0,6.73
2021,FL,3411,897595000.0,6.23
2021,WA,1476,538763000.0,3.74
2021,AZ,1864,517896000.0,3.6
2021,NY,1538,506849000.0,3.52
2021,IL,1991,487491000.0,3.38
2021,CO,1386,485530000.0,3.37
2021,VA,1480,479532000.0,3.33
2021,NJ,1449,467760000.0,3.25
2021,MA,1284,455094000.0,3.16
2021,GA,1587,422093000.0,2.93
2021,NC,1591,405974000.0,2.82
2021,PA,1676,401764000.0,2.79
2021,MD,1144,370573000.0,2.57
2021,OH,1842,363912000.0,2.53
2021,MI,1664,339510000.0,2.36
2021,UT,883,287553000.0,2.0
2021,OR,888,281740000.0,1.96
2021,MN,1073,277030000.0,1.92
2021,TN,973,250058000.0,1.74
2021,IN,1113,216043000.0,1.5
2021,MO,972,206527000.0,1.43
2021,SC,802,197484000.0,1.37
2021,WI,801,182513000.0,1.27
2021,NV,596,177250000.0,1.23
2021,CT,589,157924000.0,1.1
2021,KY,656,134068000.0,0.93
2021,AL,559,122582000.0,0.85
2021,ID,377,105449000.0,0.73
2021,LA,454,102769000.0,0.71
2021,IA,402,81369000.0,0.56
2021,NH,276,78757000.0,0.55
2021,KS,345,75574000.0,0.52
2021,OK,340,67697000.0,0.47
2021,AR,315,66753000.0,0.46
2021,DE,240,64544000.0,0.45
2021,HI,130,62398000.0,0.43
2021,NM,225,51377000.0,0.36
2021,MT,173,50255000.0,0.35
2021,NE,229,49663000.0,0.34
2021,ME,186,46168000.0,0.32
2021,RI,172,45715000.0,0.32
2021,DC,88,40431000.0,0.28
2021,MS,180,37157000.0,0.26
2021,WV,138,28671000.0,0.2
2021,ND,98,23930000.0,0.17
2021,VT,85,22731000.0,0.16
2021,AK,79,22602000.0,0.16
2021,WY,77,22110000.0,0.15
2021,SD,91,19415000.0,0.13
2021,GU,7,1857000.0,0.01
2021,PR,10,1492000.0,0.01
2021,VI,4,1462000.0,0.01
2022,CA,4025,1773749000.0,11.85
2022,TX,4784,1429066000.0,9.55
2022,FL,4342,1343752000.0,8.98
2022,NY,1752,580203000.0,3.88
2022,GA,1890,544004000.0,3.64
2022,AZ,1612,513226000.0,3.43
2022,NC,1786,510960000.0,3.41
2022,IL,2038,492476000.0,3.29
2022,WA,1178,471259000.0,3.15
2022,CO,1192,467223000.0,3.12
2022,PA,1874,454736000.0,3.04
2022,VA,1380,446621000.0,2.98
2022,NJ,1228,411964000.0,2.75
2022,OH,1925,394093000.0,2.63
2022,MI,1704,360352000.0,2.41
2022,TN,1248,347590000.0,2.32
2022,MD,969,318498000.0,2.13
2022,MA,838,317606000.0,2.12
2022,MN,1087,311645000.0,2.08
2022,UT,767,303116000.0,2.03
2022,IN,1300,277379000.0,1.85
2022,OR,766,276845000.0,1.85
2022,SC,1019,264770000.0,1.77
2022,MO,1023,225797000.0,1.51
2022,NV,593,196616000.0,1.31
2022,WI,743,172514000.0,1.15
2022,AL,692,167399000.0,1.12
2022,CT,550,155545000.0,1.04
2022,KY,618,130456000.0,0.87
2022,LA,519,121853000.0,0.81
2022,ID,368,115526000.0,0.77
2022,OK,510,110050000.0,0.74
2022,KS,401,89893000.0,0.6
2022,AR,408,86094000.0,0.58
2022,IA,365,73606000.0,0.49
2022,NH,228,71165000.0,0.48
2022,ME,234,67035000.0,0.45
2022,NM,248,64576000.0,0.43
2022,DE,211,61595000.0,0.41
2022,MT,188,58663000.0,0.39
2022,NE,254,56713000.0,0.38
2022,HI,96,48138000.0,0.32
2022,DC,95,44675000.0,0.3
2022,MS,209,43207000.0,0.29
2022,RI,122,35882000.0,0.24
2022,WV,153,29210000.0,0.2
2022,SD,112,29103000.0,0.19
2022,AK,81,24736000.0,0.17
2022,ND,98,24359000.0,0.16
2022,VT,83,22963000.0,0.15
2022,WY,76,20334000.0,0.14
2022,VI,7,4186000.0,0.03
2022,GU,5,1426000.0,0.01
2022,PR,6,1130000.0,0.01
