calendar_month,realized_cpr,realized_smm,vintage_year,market_mortgage_rate_30y,rate_regime
2006-02-01,0.0,0.0,2006,6.2525,High Market Rate
2006-03-01,0.02780949,0.00234753,2006,6.324,High Market Rate
2006-04-01,0.03410669,0.00288765,2006,6.5075,High Market Rate
2006-05-01,0.02744498,0.00231637,2006,6.5975,High Market Rate
2006-06-01,0.04200909,0.00357003,2006,6.6819999999999995,High Market Rate
2006-07-01,0.03903713,0.00331279,2006,6.7625,High Market Rate
2006-08-01,0.04494682,0.00382502,2006,6.523999999999999,High Market Rate
2006-09-01,0.05467557,0.00467463,2006,6.4025,High Market Rate
2006-10-01,0.08758941,0.00760966,2006,6.3575,High Market Rate
2006-11-01,0.09574752,0.00835215,2006,6.24,High Market Rate
2006-12-01,0.11593473,0.01021616,2006,6.135,Mid Market Rate
2007-01-01,0.09315221,0.00811528,2006,6.2175,High Market Rate
2007-02-01,0.07433573,0.0064163,2006,6.285,High Market Rate
2007-03-01,0.10156365,0.00888524,2006,6.156000000000001,Mid Market Rate
2007-04-01,0.10756373,0.00943852,2006,6.18,High Market Rate
2007-05-01,0.10328331,0.00904347,2006,6.2620000000000005,High Market Rate
2007-06-01,0.08899094,0.00773679,2006,6.657500000000001,High Market Rate
2007-07-01,0.08028197,0.00694975,2006,6.695,High Market Rate
2007-08-01,0.08051248,0.00697049,2006,6.572,High Market Rate
2007-09-01,0.05684065,0.0048648,2006,6.3825,High Market Rate
2007-10-01,0.0798029,0.00690665,2006,6.375,High Market Rate
2007-11-01,0.06935159,0.00597158,2006,6.208,High Market Rate
2007-12-01,0.10615856,0.00930864,2006,6.095,Mid Market Rate
2008-01-01,0.13727459,0.01222951,2006,5.758,Mid Market Rate
2008-02-01,0.24476354,0.02312219,2006,5.9175,Mid Market Rate
2008-03-01,0.23016912,0.02156283,2006,5.97,Mid Market Rate
2008-04-01,0.18351178,0.01675331,2006,5.9175,Mid Market Rate
2008-05-01,0.13494539,0.01200755,2006,6.036,Mid Market Rate
2008-06-01,0.11253662,0.00989967,2006,6.32,High Market Rate
2008-07-01,0.08829586,0.00767372,2006,6.425999999999999,High Market Rate
2008-08-01,0.06745454,0.00580288,2006,6.4775,High Market Rate
2008-09-01,0.0549652,0.00470005,2006,6.0375,Mid Market Rate
2008-10-01,0.0846449,0.00734317,2006,6.2,High Market Rate
2008-11-01,0.05037799,0.00429834,2006,6.0875,Mid Market Rate
2008-12-01,0.09631778,0.00840428,2006,5.286,Mid Market Rate
2009-01-01,0.21019402,0.01947192,2006,5.047499999999999,Mid Market Rate
2009-02-01,0.31045485,0.03050206,2006,5.13,Mid Market Rate
2009-03-01,0.31613296,0.03116986,2006,5.0025,Mid Market Rate
2009-04-01,0.3011152,0.0294145,2006,4.8100000000000005,Mid Market Rate
2009-05-01,0.2917547,0.0283378,2006,4.8575,Mid Market Rate
2009-06-01,0.31215437,0.03070141,2006,5.42,Mid Market Rate
2009-07-01,0.24429881,0.02307211,2006,5.2219999999999995,Mid Market Rate
2009-08-01,0.19810442,0.01822986,2006,5.1925,Mid Market Rate
2009-09-01,0.15782305,0.01421181,2006,5.0575,Mid Market Rate
2009-10-01,0.17032702,0.01543987,2006,4.952,Mid Market Rate
2009-11-01,0.18362745,0.01676492,2006,4.875,Mid Market Rate
2009-12-01,0.21658123,0.02013518,2006,4.93,Mid Market Rate
2010-01-01,0.17966848,0.01636845,2006,5.03,Mid Market Rate
2010-02-01,0.15738278,0.01416887,2006,4.99,Mid Market Rate
2010-03-01,0.18923221,0.01732922,2006,4.9675,Mid Market Rate
2010-04-01,0.17411188,0.01581494,2006,5.098000000000001,Mid Market Rate
2010-05-01,0.15120753,0.01356882,2006,4.8875,Mid Market Rate
2010-06-01,0.16896535,0.01530531,2006,4.7375,Mid Market Rate
2010-07-01,0.18692674,0.01709667,2006,4.564,Mid Market Rate
2010-08-01,0.21334668,0.01979868,2006,4.4275,Mid Market Rate
2010-09-01,0.2412677,0.02274617,2006,4.346,Mid Market Rate
2010-10-01,0.24217614,0.02284373,2006,4.225,Mid Market Rate
2010-11-01,0.26760415,0.02561896,2006,4.3,Mid Market Rate
2010-12-01,0.2785085,0.02683622,2006,4.714,Mid Market Rate
2011-01-01,0.20141229,0.01856799,2006,4.755,Mid Market Rate
2011-02-01,0.18275705,0.0166776,2006,4.9525,Mid Market Rate
2011-03-01,0.17783164,0.0161851,2006,4.836,Mid Market Rate
2011-04-01,0.1573827,0.01416886,2006,4.84,Mid Market Rate
2011-05-01,0.12341342,0.01091663,2006,4.6375,Mid Market Rate
2011-06-01,0.15061238,0.0135112,2006,4.51,Mid Market Rate
2011-07-01,0.13564195,0.01207387,2006,4.545,Mid Market Rate
2011-08-01,0.1694503,0.01535321,2006,4.27,Mid Market Rate
2011-09-01,0.13890966,0.01238565,2006,4.106,Mid Market Rate
2011-10-01,0.15862727,0.01429029,2006,4.0675,Mid Market Rate
2011-11-01,0.16316317,0.01473422,2006,3.9925,Low Market Rate
2011-12-01,0.17183345,0.01558896,2006,3.958,Low Market Rate
2012-01-01,0.15643451,0.01407647,2006,3.915,Low Market Rate
2012-02-01,0.1932326,0.01773419,2006,3.89,Low Market Rate
2012-03-01,0.23779568,0.02237428,2006,3.954,Low Market Rate
2012-04-01,0.27065058,0.02595736,2006,3.91,Low Market Rate
2012-05-01,0.30423551,0.02977635,2006,3.798,Low Market Rate
2012-06-01,0.28013565,0.02701931,2006,3.675,Low Market Rate
2012-07-01,0.26627123,0.02547131,2006,3.55,Low Market Rate
2012-08-01,0.29133711,0.02829007,2006,3.601999999999999,Low Market Rate
2012-09-01,0.2499493,0.02368292,2006,3.4975,Low Market Rate
2012-10-01,0.27515958,0.0264606,2006,3.3825000000000003,Low Market Rate
2012-11-01,0.26034552,0.02481786,2006,3.351999999999999,Low Market Rate
2012-12-01,0.25541002,0.02427725,2006,3.345,Low Market Rate
2013-01-01,0.24528417,0.02317832,2006,3.414,Low Market Rate
2013-02-01,0.26898937,0.02577267,2006,3.5325,Low Market Rate
2013-03-01,0.25558177,0.024296,2006,3.565,Low Market Rate
2013-04-01,0.31892297,0.03149986,2006,3.4450000000000003,Low Market Rate
2013-05-01,0.28007335,0.02701229,2006,3.536,Low Market Rate
2013-06-01,0.26977472,0.02585994,2006,4.07,Mid Market Rate
2013-07-01,0.31051122,0.03050866,2006,4.37,Mid Market Rate
2013-08-01,0.30938444,0.03037673,2006,4.456,Mid Market Rate
2013-09-01,0.24541283,0.0231922,2006,4.49,Mid Market Rate
2013-10-01,0.23548306,0.02212744,2006,4.192,Mid Market Rate
2013-11-01,0.22414425,0.02092698,2006,4.255,Mid Market Rate
2013-12-01,0.1845069,0.01685323,2006,4.4575,Mid Market Rate
2014-01-01,0.17590213,0.0159929,2006,4.432,Mid Market Rate
2014-02-01,0.15512118,0.01394864,2006,4.3025,Mid Market Rate
2014-03-01,0.14306034,0.01278324,2006,4.3425,Mid Market Rate
2014-04-01,0.13692224,0.01219589,2006,4.3375,Mid Market Rate
2014-05-01,0.15060692,0.01351067,2006,4.192,Mid Market Rate
2014-06-01,0.12478493,0.01104568,2006,4.1625,Mid Market Rate
2014-07-01,0.14664772,0.0131283,2006,4.13,Mid Market Rate
2014-08-01,0.16221884,0.01464162,2006,4.115,Mid Market Rate
2014-09-01,0.13093873,0.01162702,2006,4.1625,Mid Market Rate
2014-10-01,0.13816516,0.01231452,2006,4.036,Mid Market Rate
2014-11-01,0.12933728,0.01147537,2006,3.9975,Low Market Rate
2014-12-01,0.1431388,0.01279077,2006,3.864,Low Market Rate
2015-01-01,0.12299872,0.01087764,2006,3.67,Low Market Rate
2015-02-01,0.12475533,0.01104289,2006,3.71,Low Market Rate
2015-03-01,0.16407645,0.01482387,2006,3.77,Low Market Rate
2015-04-01,0.15692164,0.01412392,2006,3.672,Low Market Rate
2015-05-01,0.1525629,0.01370017,2006,3.84,Low Market Rate
2015-06-01,0.14564165,0.01303139,2006,3.9825,Low Market Rate
2015-07-01,0.15097902,0.01354669,2006,4.046,Mid Market Rate
2015-08-01,0.13376465,0.01189524,2006,3.905,Low Market Rate
2015-09-01,0.14060093,0.01254744,2006,3.89,Low Market Rate
2015-10-01,0.15034189,0.01348502,2006,3.796,Low Market Rate
2015-11-01,0.10445219,0.00915118,2006,3.9425,Low Market Rate
2015-12-01,0.11344728,0.00998438,2006,3.964,Low Market Rate
2016-01-01,0.10231721,0.00895454,2006,3.8725,Low Market Rate
2016-02-01,0.11235284,0.00988259,2006,3.66,Low Market Rate
2016-03-01,0.16551632,0.0149654,2006,3.694,Low Market Rate
2016-04-01,0.12099456,0.01068947,2006,3.605,Low Market Rate
2016-05-01,0.1422933,0.01270963,2006,3.6,Low Market Rate
2016-06-01,0.1059322,0.00928774,2006,3.568,Low Market Rate
2016-07-01,0.12468083,0.01103588,2006,3.44,Low Market Rate
2016-08-01,0.11932607,0.01053312,2006,3.435,Low Market Rate
2016-09-01,0.15214057,0.01365922,2006,3.46,Low Market Rate
2016-10-01,0.16896294,0.01530508,2006,3.47,Low Market Rate
2016-11-01,0.12144395,0.01073163,2006,3.77,Low Market Rate
2016-12-01,0.14302532,0.01277988,2006,4.198,Mid Market Rate
2017-01-01,0.11687247,0.01030369,2006,4.15,Mid Market Rate
2017-02-01,0.1322359,0.01175004,2006,4.1675,Mid Market Rate
2017-03-01,0.16085935,0.01450847,2006,4.196,Mid Market Rate
2017-04-01,0.08910085,0.00774676,2006,4.045,Mid Market Rate
2017-05-01,0.08651242,0.0075121,2006,4.01,Mid Market Rate
2017-06-01,0.12346655,0.01092162,2006,3.904,Low Market Rate
2017-07-01,0.10281492,0.00900034,2006,3.9675,Low Market Rate
2017-08-01,0.12252475,0.01083311,2006,3.88,Low Market Rate
2017-09-01,0.12284962,0.01086363,2006,3.805,Low Market Rate
2017-10-01,0.13700029,0.01220334,2006,3.895,Low Market Rate
2017-11-01,0.12434926,0.01100466,2006,3.922,Low Market Rate
2017-12-01,0.14816292,0.01327444,2006,3.95,Low Market Rate
2018-01-01,0.08401207,0.007286,2006,4.032500000000001,Mid Market Rate
2018-02-01,0.06846513,0.00589271,2006,4.33,Mid Market Rate
2018-03-01,0.09833758,0.00858916,2006,4.444,Mid Market Rate
2018-04-01,0.09972479,0.00871635,2006,4.4675,Mid Market Rate
2018-05-01,0.11396443,0.01003252,2006,4.586,Mid Market Rate
2018-06-01,0.08157056,0.00706577,2006,4.57,Mid Market Rate
2018-07-01,0.10815288,0.00949303,2006,4.5275,Mid Market Rate
2018-08-01,0.11845716,0.0104518,2006,4.55,Mid Market Rate
2018-09-01,0.09259444,0.00806446,2006,4.6274999999999995,Mid Market Rate
2018-10-01,0.08587861,0.00745473,2006,4.83,Mid Market Rate
2018-11-01,0.10651801,0.00934185,2006,4.866,Mid Market Rate
2018-12-01,0.08245103,0.00714513,2006,4.6375,Mid Market Rate
2019-01-01,0.09728445,0.00849271,2006,4.464,Mid Market Rate
2019-02-01,0.07689264,0.0066453,2006,4.37,Mid Market Rate
2019-03-01,0.09202497,0.00801259,2006,4.265,Mid Market Rate
2019-04-01,0.08435989,0.00731742,2006,4.1425,Mid Market Rate
2019-05-01,0.09183999,0.00799575,2006,4.072,Mid Market Rate
2019-06-01,0.07343284,0.00633557,2006,3.8025,Low Market Rate
2019-07-01,0.08996019,0.0078248,2006,3.765,Low Market Rate
2019-08-01,0.08826911,0.00767129,2006,3.616,Low Market Rate
2019-09-01,0.0837172,0.00725937,2006,3.605,Low Market Rate
2019-10-01,0.12278006,0.01085709,2006,3.688,Low Market Rate
2019-11-01,0.07239723,0.00624307,2006,3.695,Low Market Rate
2019-12-01,0.07864001,0.00680213,2006,3.72,Low Market Rate
2020-01-01,0.09796311,0.00855485,2006,3.624,Low Market Rate
2020-02-01,0.09856198,0.00860972,2006,3.4650000000000003,Low Market Rate
2020-03-01,0.06313213,0.00541968,2006,3.45,Low Market Rate
2020-04-01,0.14886856,0.01334258,2006,3.306,Low Market Rate
2020-05-01,0.0629438,0.00540302,2006,3.2325,Low Market Rate
2020-06-01,0.12098973,0.01068902,2006,3.1625,Low Market Rate
2020-07-01,0.10602127,0.00929596,2006,3.016,Low Market Rate
2020-08-01,0.086336,0.00749613,2006,2.935,Low Market Rate
2020-09-01,0.16541884,0.01495581,2006,2.89,Low Market Rate
2020-10-01,0.15155565,0.01360254,2006,2.834,Low Market Rate
2020-11-01,0.1390303,0.01239718,2006,2.765,Low Market Rate
2020-12-01,0.18308971,0.01671096,2006,2.684,Low Market Rate
2021-01-01,0.12546739,0.01110996,2006,2.735,Low Market Rate
2021-02-01,0.11672172,0.01028961,2006,2.81,Low Market Rate
2021-03-01,0.17530294,0.0159333,2006,3.0825,Low Market Rate
2021-04-01,0.14124878,0.01260949,2006,3.06,Low Market Rate
2021-05-01,0.23808862,0.0224056,2006,2.9625,Low Market Rate
2021-06-01,0.17860516,0.01626226,2006,2.975,Low Market Rate
2021-07-01,0.2105023,0.01950382,2006,2.868,Low Market Rate
2021-08-01,0.236632,0.02224999,2006,2.8425,Low Market Rate
2021-09-01,0.23393287,0.02196236,2006,2.9,Low Market Rate
2021-10-01,0.11730987,0.01034455,2006,3.0675,Low Market Rate
2021-11-01,0.16095068,0.01451741,2006,3.0675,Low Market Rate
2021-12-01,0.13140979,0.01167167,2006,3.098,Low Market Rate
2022-01-01,0.09860949,0.00861408,2006,3.4450000000000003,Low Market Rate
2022-02-01,0.16571299,0.01498474,2006,3.7625,Low Market Rate
2022-03-01,0.22961069,0.0215037,2006,4.172,Mid Market Rate
2022-04-01,0.1886457,0.01727,2006,4.9825,Mid Market Rate
2022-05-01,0.1475571,0.01321598,2006,5.2299999999999995,Mid Market Rate
2022-06-01,0.1099933,0.00966353,2006,5.522,Mid Market Rate
2022-07-01,0.07465797,0.00644513,2006,5.4125,Mid Market Rate
2022-08-01,0.03691587,0.00312963,2006,5.2225,Mid Market Rate
2022-09-01,0.07359666,0.00635022,2006,6.112,Mid Market Rate
2022-10-01,0.02438286,0.00205497,2006,6.9,High Market Rate
2022-11-01,0.06740341,0.00579834,2006,6.805,High Market Rate
2022-12-01,0.05258912,0.00449175,2006,6.364,High Market Rate
2023-01-01,0.06147484,0.00527318,2006,6.2725,High Market Rate
2023-02-01,0.07295572,0.00629295,2006,6.2575,High Market Rate
2023-03-01,0.05544235,0.00474193,2006,6.544,High Market Rate
2023-04-01,0.03478856,0.00294633,2006,6.342499999999999,High Market Rate
2023-05-01,0.09815757,0.00857267,2006,6.425,High Market Rate
2023-06-01,0.0932829,0.00812719,2006,6.714,High Market Rate
2023-07-01,0.11568801,0.01019314,2006,6.84,High Market Rate
2023-08-01,0.05593379,0.0047851,2006,7.072,High Market Rate
2023-09-01,0.05883989,0.00504075,2006,7.2,High Market Rate
2023-10-01,0.07981525,0.00690777,2006,7.62,High Market Rate
2023-11-01,0.0612351,0.00525201,2006,7.442,High Market Rate
2023-12-01,0.03088755,0.00261114,2006,6.815,High Market Rate
2024-01-01,0.04902686,0.00418036,2006,6.6425,High Market Rate
2024-02-01,0.04225934,0.00359172,2006,6.776000000000001,High Market Rate
2024-03-01,0.09974401,0.00871812,2006,6.82,High Market Rate
2024-04-01,0.04274814,0.00363411,2006,6.9925,High Market Rate
2024-05-01,0.09273614,0.00807736,2006,7.06,High Market Rate
2024-06-01,0.08677909,0.00753625,2006,6.9175,High Market Rate
2024-07-01,0.02998981,0.00253418,2006,6.8475,High Market Rate
2024-08-01,0.12174157,0.01075956,2006,6.5,High Market Rate
2024-09-01,0.08338019,0.00722895,2006,6.18,High Market Rate
2024-10-01,0.07520338,0.00649394,2006,6.428,High Market Rate
2024-11-01,0.01985976,0.00167024,2006,6.805,High Market Rate
2024-12-01,0.03806147,0.0032285,2006,6.715,High Market Rate
2025-01-01,0.06503143,0.00558786,2006,6.958,High Market Rate
2025-02-01,0.01949229,0.00163905,2006,6.842499999999999,High Market Rate
2025-03-01,0.10199289,0.00892471,2006,6.65,High Market Rate
2025-04-01,0.10402248,0.00911157,2006,6.725,High Market Rate
2025-05-01,0.04652481,0.00396229,2006,6.816,High Market Rate
2025-06-01,0.07688339,0.00664447,2006,6.8175,High Market Rate
2025-07-01,0.03617596,0.00306584,2006,6.720000000000001,High Market Rate
2025-08-01,0.05103121,0.00435543,2006,6.5875,High Market Rate
2025-09-01,0.040175,0.00341119,2006,6.3525,High Market Rate
2025-10-01,0.02166371,0.00182349,2006,6.254,High Market Rate
2025-11-01,0.03858126,0.0032734,2006,6.2375,High Market Rate
2025-12-01,0.020992,0.00176639,2006,6.1899999999999995,High Market Rate
2026-01-01,0.05481311,0.0046867,2006,6.1025,Mid Market Rate
2026-02-01,0.01616681,0.00135732,2006,6.0475,Mid Market Rate
2026-03-01,0.02624825,0.00221412,2006,6.1775,Mid Market Rate
2007-01-01,0.0,0.0,2007,6.2175,High Market Rate
2007-02-01,0.0,0.0,2007,6.285,High Market Rate
2007-03-01,0.04039442,0.00343018,2007,6.156000000000001,Mid Market Rate
2007-04-01,0.04121499,0.00350122,2007,6.18,High Market Rate
2007-05-01,0.03421161,0.00289667,2007,6.2620000000000005,High Market Rate
2007-06-01,0.03902774,0.00331198,2007,6.657500000000001,High Market Rate
2007-07-01,0.03806968,0.00322921,2007,6.695,High Market Rate
2007-08-01,0.0466553,0.00397365,2007,6.572,High Market Rate
2007-09-01,0.03916818,0.00332412,2007,6.3825,High Market Rate
2007-10-01,0.04643001,0.00395403,2007,6.375,High Market Rate
2007-11-01,0.05612802,0.00480216,2007,6.208,High Market Rate
2007-12-01,0.0865426,0.00751483,2007,6.095,Mid Market Rate
2008-01-01,0.11489253,0.01011897,2007,5.758,Mid Market Rate
2008-02-01,0.20698968,0.01914103,2007,5.9175,Mid Market Rate
2008-03-01,0.16720066,0.01513123,2007,5.97,Mid Market Rate
2008-04-01,0.15143218,0.01359057,2007,5.9175,Mid Market Rate
2008-05-01,0.0994419,0.0086904,2007,6.036,Mid Market Rate
2008-06-01,0.08241406,0.00714179,2007,6.32,High Market Rate
2008-07-01,0.06269668,0.00538116,2007,6.425999999999999,High Market Rate
2008-08-01,0.05246325,0.00448073,2007,6.4775,High Market Rate
2008-09-01,0.05102339,0.00435475,2007,6.0375,Mid Market Rate
2008-10-01,0.06951274,0.00598592,2007,6.2,High Market Rate
2008-11-01,0.04303575,0.00365906,2007,6.0875,Mid Market Rate
2008-12-01,0.09126033,0.007943,2007,5.286,Mid Market Rate
2009-01-01,0.20538111,0.01897538,2007,5.047499999999999,Mid Market Rate
2009-02-01,0.2931429,0.02849665,2007,5.13,Mid Market Rate
2009-03-01,0.26590634,0.02543093,2007,5.0025,Mid Market Rate
2009-04-01,0.27900612,0.02689217,2007,4.8100000000000005,Mid Market Rate
2009-05-01,0.29201267,0.0283673,2007,4.8575,Mid Market Rate
2009-06-01,0.28244622,0.02727994,2007,5.42,Mid Market Rate
2009-07-01,0.24088867,0.0227055,2007,5.2219999999999995,Mid Market Rate
2009-08-01,0.1690305,0.01531175,2007,5.1925,Mid Market Rate
2009-09-01,0.15043225,0.01349376,2007,5.0575,Mid Market Rate
2009-10-01,0.16218415,0.01463822,2007,4.952,Mid Market Rate
2009-11-01,0.1955128,0.01796584,2007,4.875,Mid Market Rate
2009-12-01,0.19673725,0.01809048,2007,4.93,Mid Market Rate
2010-01-01,0.1675037,0.0151611,2007,5.03,Mid Market Rate
2010-02-01,0.16720202,0.01513137,2007,4.99,Mid Market Rate
2010-03-01,0.17570448,0.01597323,2007,4.9675,Mid Market Rate
2010-04-01,0.15808612,0.01423747,2007,5.098000000000001,Mid Market Rate
2010-05-01,0.14505449,0.01297489,2007,4.8875,Mid Market Rate
2010-06-01,0.1788742,0.01628912,2007,4.7375,Mid Market Rate
2010-07-01,0.18760859,0.01716539,2007,4.564,Mid Market Rate
2010-08-01,0.23019389,0.02156545,2007,4.4275,Mid Market Rate
2010-09-01,0.23760756,0.02235418,2007,4.346,Mid Market Rate
2010-10-01,0.24117765,0.02273651,2007,4.225,Mid Market Rate
2010-11-01,0.26941371,0.02581981,2007,4.3,Mid Market Rate
2010-12-01,0.24161295,0.02278324,2007,4.714,Mid Market Rate
2011-01-01,0.2245632,0.02097105,2007,4.755,Mid Market Rate
2011-02-01,0.18148008,0.01654965,2007,4.9525,Mid Market Rate
2011-03-01,0.16254477,0.01467357,2007,4.836,Mid Market Rate
2011-04-01,0.12424685,0.01099503,2007,4.84,Mid Market Rate
2011-05-01,0.12839681,0.01138643,2007,4.6375,Mid Market Rate
2011-06-01,0.13653398,0.01215887,2007,4.51,Mid Market Rate
2011-07-01,0.13901458,0.01239568,2007,4.545,Mid Market Rate
2011-08-01,0.15244737,0.01368897,2007,4.27,Mid Market Rate
2011-09-01,0.13576934,0.012086,2007,4.106,Mid Market Rate
2011-10-01,0.16620438,0.0150331,2007,4.0675,Mid Market Rate
2011-11-01,0.16120723,0.01454252,2007,3.9925,Low Market Rate
2011-12-01,0.17334159,0.01573848,2007,3.958,Low Market Rate
2012-01-01,0.14647272,0.01311143,2007,3.915,Low Market Rate
2012-02-01,0.1805983,0.01646141,2007,3.89,Low Market Rate
2012-03-01,0.22342207,0.02085107,2007,3.954,Low Market Rate
2012-04-01,0.249568,0.02364157,2007,3.91,Low Market Rate
2012-05-01,0.28615826,0.02770028,2007,3.798,Low Market Rate
2012-06-01,0.28815887,0.02792765,2007,3.675,Low Market Rate
2012-07-01,0.26295966,0.02510553,2007,3.55,Low Market Rate
2012-08-01,0.29626241,0.02885466,2007,3.601999999999999,Low Market Rate
2012-09-01,0.25558845,0.02429673,2007,3.4975,Low Market Rate
2012-10-01,0.28813852,0.02792534,2007,3.3825000000000003,Low Market Rate
2012-11-01,0.25818076,0.02458033,2007,3.351999999999999,Low Market Rate
2012-12-01,0.26669998,0.02551878,2007,3.345,Low Market Rate
2013-01-01,0.29581789,0.02880356,2007,3.414,Low Market Rate
2013-02-01,0.29392396,0.02858615,2007,3.5325,Low Market Rate
2013-03-01,0.32692666,0.03245346,2007,3.565,Low Market Rate
2013-04-01,0.34934654,0.03518108,2007,3.4450000000000003,Low Market Rate
2013-05-01,0.32418257,0.03212535,2007,3.536,Low Market Rate
2013-06-01,0.29752752,0.02900027,2007,4.07,Mid Market Rate
2013-07-01,0.34969626,0.0352243,2007,4.37,Mid Market Rate
2013-08-01,0.30735966,0.03014015,2007,4.456,Mid Market Rate
2013-09-01,0.23382454,0.02195084,2007,4.49,Mid Market Rate
2013-10-01,0.22131697,0.02063016,2007,4.192,Mid Market Rate
2013-11-01,0.18825201,0.01723028,2007,4.255,Mid Market Rate
2013-12-01,0.19834666,0.01825458,2007,4.4575,Mid Market Rate
2014-01-01,0.15923952,0.01435008,2007,4.432,Mid Market Rate
2014-02-01,0.13266861,0.01179111,2007,4.3025,Mid Market Rate
2014-03-01,0.14895416,0.01335085,2007,4.3425,Mid Market Rate
2014-04-01,0.15217226,0.0136623,2007,4.3375,Mid Market Rate
2014-05-01,0.14382306,0.01285649,2007,4.192,Mid Market Rate
2014-06-01,0.16938889,0.01534714,2007,4.1625,Mid Market Rate
2014-07-01,0.12769501,0.01132012,2007,4.13,Mid Market Rate
2014-08-01,0.16136328,0.0145578,2007,4.115,Mid Market Rate
2014-09-01,0.11781308,0.01039157,2007,4.1625,Mid Market Rate
2014-10-01,0.14778445,0.01323791,2007,4.036,Mid Market Rate
2014-11-01,0.10471668,0.00917557,2007,3.9975,Low Market Rate
2014-12-01,0.15812927,0.01424168,2007,3.864,Low Market Rate
2015-01-01,0.11208645,0.00985783,2007,3.67,Low Market Rate
2015-02-01,0.11385355,0.01002219,2007,3.71,Low Market Rate
2015-03-01,0.13984262,0.01247486,2007,3.77,Low Market Rate
2015-04-01,0.15277002,0.01372027,2007,3.672,Low Market Rate
2015-05-01,0.15589081,0.01402353,2007,3.84,Low Market Rate
2015-06-01,0.18014062,0.01641564,2007,3.9825,Low Market Rate
2015-07-01,0.13076917,0.01161095,2007,4.046,Mid Market Rate
2015-08-01,0.17278214,0.01568299,2007,3.905,Low Market Rate
2015-09-01,0.13488235,0.01200155,2007,3.89,Low Market Rate
2015-10-01,0.15852229,0.01428004,2007,3.796,Low Market Rate
2015-11-01,0.13257772,0.01178248,2007,3.9425,Low Market Rate
2015-12-01,0.13975267,0.01246626,2007,3.964,Low Market Rate
2016-01-01,0.09852727,0.00860654,2007,3.8725,Low Market Rate
2016-02-01,0.1124302,0.00988978,2007,3.66,Low Market Rate
2016-03-01,0.13179938,0.01170862,2007,3.694,Low Market Rate
2016-04-01,0.12398602,0.01097048,2007,3.605,Low Market Rate
2016-05-01,0.11905002,0.01050728,2007,3.6,Low Market Rate
2016-06-01,0.12975754,0.01151514,2007,3.568,Low Market Rate
2016-07-01,0.14949979,0.01340358,2007,3.44,Low Market Rate
2016-08-01,0.13237391,0.01176314,2007,3.435,Low Market Rate
2016-09-01,0.13567055,0.01207659,2007,3.46,Low Market Rate
2016-10-01,0.13167166,0.01169651,2007,3.47,Low Market Rate
2016-11-01,0.15490616,0.01392773,2007,3.77,Low Market Rate
2016-12-01,0.15516701,0.0139531,2007,4.198,Mid Market Rate
2017-01-01,0.13282783,0.01180623,2007,4.15,Mid Market Rate
2017-02-01,0.09428481,0.00821857,2007,4.1675,Mid Market Rate
2017-03-01,0.13819854,0.01231771,2007,4.196,Mid Market Rate
2017-04-01,0.12137983,0.01072562,2007,4.045,Mid Market Rate
2017-05-01,0.13747016,0.01224817,2007,4.01,Mid Market Rate
2017-06-01,0.14261858,0.01274084,2007,3.904,Low Market Rate
2017-07-01,0.12958211,0.01149853,2007,3.9675,Low Market Rate
2017-08-01,0.14802326,0.01326096,2007,3.88,Low Market Rate
2017-09-01,0.12413624,0.01098462,2007,3.805,Low Market Rate
2017-10-01,0.12686881,0.01124212,2007,3.895,Low Market Rate
2017-11-01,0.12529729,0.01109394,2007,3.922,Low Market Rate
2017-12-01,0.12060169,0.01065263,2007,3.95,Low Market Rate
2018-01-01,0.06924732,0.00596229,2007,4.032500000000001,Mid Market Rate
2018-02-01,0.10254426,0.00897543,2007,4.33,Mid Market Rate
2018-03-01,0.11466068,0.01009737,2007,4.444,Mid Market Rate
2018-04-01,0.11520333,0.01014794,2007,4.4675,Mid Market Rate
2018-05-01,0.11495761,0.01012504,2007,4.586,Mid Market Rate
2018-06-01,0.14017287,0.01250646,2007,4.57,Mid Market Rate
2018-07-01,0.09071777,0.00789366,2007,4.5275,Mid Market Rate
2018-08-01,0.07539931,0.00651148,2007,4.55,Mid Market Rate
2018-09-01,0.07219623,0.00622513,2007,4.6274999999999995,Mid Market Rate
2018-10-01,0.09942774,0.0086891,2007,4.83,Mid Market Rate
2018-11-01,0.0590284,0.00505736,2007,4.866,Mid Market Rate
2018-12-01,0.08487887,0.00736432,2007,4.6375,Mid Market Rate
2019-01-01,0.05809074,0.00497478,2007,4.464,Mid Market Rate
2019-02-01,0.05510581,0.00471239,2007,4.37,Mid Market Rate
2019-03-01,0.09187698,0.00799912,2007,4.265,Mid Market Rate
2019-04-01,0.07126998,0.00614249,2007,4.1425,Mid Market Rate
2019-05-01,0.08371362,0.00725905,2007,4.072,Mid Market Rate
2019-06-01,0.090556,0.00787895,2007,3.8025,Low Market Rate
2019-07-01,0.08954795,0.00778736,2007,3.765,Low Market Rate
2019-08-01,0.11044664,0.00970558,2007,3.616,Low Market Rate
2019-09-01,0.07521833,0.00649528,2007,3.605,Low Market Rate
2019-10-01,0.09597191,0.00837266,2007,3.688,Low Market Rate
2019-11-01,0.07446094,0.0064275,2007,3.695,Low Market Rate
2019-12-01,0.14232257,0.01271244,2007,3.72,Low Market Rate
2020-01-01,0.09883006,0.00863429,2007,3.624,Low Market Rate
2020-02-01,0.06689594,0.00575327,2007,3.4650000000000003,Low Market Rate
2020-03-01,0.12271233,0.01085073,2007,3.45,Low Market Rate
2020-04-01,0.10121584,0.00885327,2007,3.306,Low Market Rate
2020-05-01,0.09232448,0.00803987,2007,3.2325,Low Market Rate
2020-06-01,0.09385882,0.00817971,2007,3.1625,Low Market Rate
2020-07-01,0.11448576,0.01008107,2007,3.016,Low Market Rate
2020-08-01,0.16941971,0.01535019,2007,2.935,Low Market Rate
2020-09-01,0.09525877,0.00830749,2007,2.89,Low Market Rate
2020-10-01,0.15905555,0.01433211,2007,2.834,Low Market Rate
2020-11-01,0.16379771,0.0147965,2007,2.765,Low Market Rate
2020-12-01,0.19670873,0.01808758,2007,2.684,Low Market Rate
2021-01-01,0.14075418,0.01256212,2007,2.735,Low Market Rate
2021-02-01,0.13294795,0.01181764,2007,2.81,Low Market Rate
2021-03-01,0.19713257,0.01813076,2007,3.0825,Low Market Rate
2021-04-01,0.16030604,0.01445433,2007,3.06,Low Market Rate
2021-05-01,0.22035202,0.02052908,2007,2.9625,Low Market Rate
2021-06-01,0.17184141,0.01558975,2007,2.975,Low Market Rate
2021-07-01,0.15195138,0.01364088,2007,2.868,Low Market Rate
2021-08-01,0.1593995,0.01436571,2007,2.8425,Low Market Rate
2021-09-01,0.15546636,0.01398222,2007,2.9,Low Market Rate
2021-10-01,0.14798032,0.01325681,2007,3.0675,Low Market Rate
2021-11-01,0.13905629,0.01239966,2007,3.0675,Low Market Rate
2021-12-01,0.14754636,0.01321494,2007,3.098,Low Market Rate
2022-01-01,0.17208493,0.01561388,2007,3.4450000000000003,Low Market Rate
2022-02-01,0.12446879,0.01101592,2007,3.7625,Low Market Rate
2022-03-01,0.16539643,0.0149536,2007,4.172,Mid Market Rate
2022-04-01,0.13963242,0.01245475,2007,4.9825,Mid Market Rate
2022-05-01,0.13689387,0.01219319,2007,5.2299999999999995,Mid Market Rate
2022-06-01,0.08620523,0.00748429,2007,5.522,Mid Market Rate
2022-07-01,0.07535218,0.00650726,2007,5.4125,Mid Market Rate
2022-08-01,0.11331978,0.00997251,2007,5.2225,Mid Market Rate
2022-09-01,0.08084216,0.00700017,2007,6.112,Mid Market Rate
2022-10-01,0.08466456,0.00734495,2007,6.9,High Market Rate
2022-11-01,0.05683873,0.00486463,2007,6.805,High Market Rate
2022-12-01,0.07081398,0.00610183,2007,6.364,High Market Rate
2023-01-01,0.11029632,0.00969163,2007,6.2725,High Market Rate
2023-02-01,0.04518955,0.00384612,2007,6.2575,High Market Rate
2023-03-01,0.06799109,0.00585056,2007,6.544,High Market Rate
2023-04-01,0.04910046,0.00418678,2007,6.342499999999999,High Market Rate
2023-05-01,0.07078926,0.00609963,2007,6.425,High Market Rate
2023-06-01,0.07326144,0.00632026,2007,6.714,High Market Rate
2023-07-01,0.05167219,0.00441149,2007,6.84,High Market Rate
2023-08-01,0.06683258,0.00574764,2007,7.072,High Market Rate
2023-09-01,0.04615828,0.00393038,2007,7.2,High Market Rate
2023-10-01,0.06097474,0.00522902,2007,7.62,High Market Rate
2023-11-01,0.04552464,0.00387526,2007,7.442,High Market Rate
2023-12-01,0.05358363,0.00457887,2007,6.815,High Market Rate
2024-01-01,0.05199158,0.00443944,2007,6.6425,High Market Rate
2024-02-01,0.06587511,0.00566267,2007,6.776000000000001,High Market Rate
2024-03-01,0.0412185,0.00350153,2007,6.82,High Market Rate
2024-04-01,0.05572492,0.00476675,2007,6.9925,High Market Rate
2024-05-01,0.06958589,0.00599243,2007,7.06,High Market Rate
2024-06-01,0.03136032,0.00265169,2007,6.9175,High Market Rate
2024-07-01,0.0269314,0.00227247,2007,6.8475,High Market Rate
2024-08-01,0.02180497,0.0018355,2007,6.5,High Market Rate
2024-09-01,0.07469845,0.00644875,2007,6.18,High Market Rate
2024-10-01,0.02945674,0.00248851,2007,6.428,High Market Rate
2024-11-01,0.06336699,0.00544046,2007,6.805,High Market Rate
2024-12-01,0.04662994,0.00397144,2007,6.715,High Market Rate
2025-01-01,0.03492427,0.00295801,2007,6.958,High Market Rate
2025-02-01,0.04888813,0.00416825,2007,6.842499999999999,High Market Rate
2025-03-01,0.08919908,0.00775568,2007,6.65,High Market Rate
2025-04-01,0.05275183,0.004506,2007,6.725,High Market Rate
2025-05-01,0.05336626,0.00455982,2007,6.816,High Market Rate
2025-06-01,0.06603637,0.00567697,2007,6.8175,High Market Rate
2025-07-01,0.07854593,0.00679368,2007,6.720000000000001,High Market Rate
2025-08-01,0.04557323,0.00387949,2007,6.5875,High Market Rate
2025-09-01,0.03033822,0.00256404,2007,6.3525,High Market Rate
2025-10-01,0.04002942,0.0033986,2007,6.254,High Market Rate
2025-11-01,0.03726208,0.0031595,2007,6.2375,High Market Rate
2025-12-01,0.02700235,0.00227853,2007,6.1899999999999995,High Market Rate
2026-01-01,0.06445343,0.00553665,2007,6.1025,Mid Market Rate
2026-02-01,0.03615172,0.00306375,2007,6.0475,Mid Market Rate
2026-03-01,0.05556936,0.00475309,2007,6.1775,Mid Market Rate
2008-02-01,0.0,0.0,2008,5.9175,Mid Market Rate
2008-03-01,0.02949318,0.00249163,2008,5.97,Mid Market Rate
2008-04-01,0.0383966,0.00325745,2008,5.9175,Mid Market Rate
2008-05-01,0.0200153,0.00168344,2008,6.036,Mid Market Rate
2008-06-01,0.03264719,0.00276218,2008,6.32,High Market Rate
2008-07-01,0.03195483,0.00270272,2008,6.425999999999999,High Market Rate
2008-08-01,0.02786034,0.00235188,2008,6.4775,High Market Rate
2008-09-01,0.03542483,0.00300111,2008,6.0375,Mid Market Rate
2008-10-01,0.07295225,0.00629263,2008,6.2,High Market Rate
2008-11-01,0.03984063,0.00338227,2008,6.0875,Mid Market Rate
2008-12-01,0.10874333,0.0095477,2008,5.286,Mid Market Rate
2009-01-01,0.24750066,0.02341771,2008,5.047499999999999,Mid Market Rate
2009-02-01,0.31466625,0.03099688,2008,5.13,Mid Market Rate
2009-03-01,0.30064603,0.02936022,2008,5.0025,Mid Market Rate
2009-04-01,0.32455063,0.03216929,2008,4.8100000000000005,Mid Market Rate
2009-05-01,0.33963456,0.0339891,2008,4.8575,Mid Market Rate
2009-06-01,0.32620739,0.03236734,2008,5.42,Mid Market Rate
2009-07-01,0.24781335,0.02345154,2008,5.2219999999999995,Mid Market Rate
2009-08-01,0.1629016,0.01470856,2008,5.1925,Mid Market Rate
2009-09-01,0.15308543,0.01375087,2008,5.0575,Mid Market Rate
2009-10-01,0.18883349,0.01728896,2008,4.952,Mid Market Rate
2009-11-01,0.22007968,0.02050057,2008,4.875,Mid Market Rate
2009-12-01,0.27357255,0.02628315,2008,4.93,Mid Market Rate
2010-01-01,0.2199693,0.02048902,2008,5.03,Mid Market Rate
2010-02-01,0.15201153,0.01364671,2008,4.99,Mid Market Rate
2010-03-01,0.18665497,0.0170693,2008,4.9675,Mid Market Rate
2010-04-01,0.18957967,0.01736433,2008,5.098000000000001,Mid Market Rate
2010-05-01,0.15722572,0.01415356,2008,4.8875,Mid Market Rate
2010-06-01,0.21588491,0.02006263,2008,4.7375,Mid Market Rate
2010-07-01,0.26890392,0.02576318,2008,4.564,Mid Market Rate
2010-08-01,0.35772212,0.03622221,2008,4.4275,Mid Market Rate
2010-09-01,0.38382707,0.03954899,2008,4.346,Mid Market Rate
2010-10-01,0.38171877,0.03927556,2008,4.225,Mid Market Rate
2010-11-01,0.38827628,0.04012884,2008,4.3,Mid Market Rate
2010-12-01,0.35926516,0.03641538,2008,4.714,Mid Market Rate
2011-01-01,0.28035403,0.02704391,2008,4.755,Mid Market Rate
2011-02-01,0.23728123,0.02231931,2008,4.9525,Mid Market Rate
2011-03-01,0.19497877,0.01791153,2008,4.836,Mid Market Rate
2011-04-01,0.14219115,0.01269983,2008,4.84,Mid Market Rate
2011-05-01,0.15613157,0.01404696,2008,4.6375,Mid Market Rate
2011-06-01,0.17941855,0.01634348,2008,4.51,Mid Market Rate
2011-07-01,0.18590181,0.01699348,2008,4.545,Mid Market Rate
2011-08-01,0.22021256,0.02051448,2008,4.27,Mid Market Rate
2011-09-01,0.23062544,0.02161117,2008,4.106,Mid Market Rate
2011-10-01,0.27109767,0.02600713,2008,4.0675,Mid Market Rate
2011-11-01,0.29323942,0.02850771,2008,3.9925,Low Market Rate
2011-12-01,0.25245954,0.02395563,2008,3.958,Low Market Rate
2012-01-01,0.24705514,0.02336954,2008,3.915,Low Market Rate
2012-02-01,0.27623688,0.02658126,2008,3.89,Low Market Rate
2012-03-01,0.28793102,0.02790172,2008,3.954,Low Market Rate
2012-04-01,0.31787376,0.03137562,2008,3.91,Low Market Rate
2012-05-01,0.33676829,0.03364038,2008,3.798,Low Market Rate
2012-06-01,0.29564716,0.02878394,2008,3.675,Low Market Rate
2012-07-01,0.33828909,0.03382523,2008,3.55,Low Market Rate
2012-08-01,0.32936532,0.03274608,2008,3.601999999999999,Low Market Rate
2012-09-01,0.32845272,0.03263646,2008,3.4975,Low Market Rate
2012-10-01,0.3675625,0.03746145,2008,3.3825000000000003,Low Market Rate
2012-11-01,0.32531796,0.03226096,2008,3.351999999999999,Low Market Rate
2012-12-01,0.35507569,0.03589191,2008,3.345,Low Market Rate
2013-01-01,0.35493066,0.03587384,2008,3.414,Low Market Rate
2013-02-01,0.37220215,0.03805188,2008,3.5325,Low Market Rate
2013-03-01,0.41203153,0.04329178,2008,3.565,Low Market Rate
2013-04-01,0.40801691,0.04274912,2008,3.4450000000000003,Low Market Rate
2013-05-01,0.42704264,0.04535143,2008,3.536,Low Market Rate
2013-06-01,0.37415642,0.03830177,2008,4.07,Mid Market Rate
2013-07-01,0.38192651,0.03930247,2008,4.37,Mid Market Rate
2013-08-01,0.34811805,0.03502941,2008,4.456,Mid Market Rate
2013-09-01,0.25390378,0.02411292,2008,4.49,Mid Market Rate
2013-10-01,0.26163049,0.02495915,2008,4.192,Mid Market Rate
2013-11-01,0.19544193,0.01795863,2008,4.255,Mid Market Rate
2013-12-01,0.20918126,0.01936721,2008,4.4575,Mid Market Rate
2014-01-01,0.16632851,0.01504532,2008,4.432,Mid Market Rate
2014-02-01,0.17466233,0.01586962,2008,4.3025,Mid Market Rate
2014-03-01,0.15767722,0.01419758,2008,4.3425,Mid Market Rate
2014-04-01,0.1701396,0.01542134,2008,4.3375,Mid Market Rate
2014-05-01,0.15676077,0.01410825,2008,4.192,Mid Market Rate
2014-06-01,0.17615346,0.01601791,2008,4.1625,Mid Market Rate
2014-07-01,0.18712948,0.0171171,2008,4.13,Mid Market Rate
2014-08-01,0.19026955,0.01743406,2008,4.115,Mid Market Rate
2014-09-01,0.15222979,0.01366787,2008,4.1625,Mid Market Rate
2014-10-01,0.17961946,0.01636355,2008,4.036,Mid Market Rate
2014-11-01,0.15888859,0.0143158,2008,3.9975,Low Market Rate
2014-12-01,0.16443263,0.01485886,2008,3.864,Low Market Rate
2015-01-01,0.15151689,0.01359878,2008,3.67,Low Market Rate
2015-02-01,0.13323917,0.0118453,2008,3.71,Low Market Rate
2015-03-01,0.1898125,0.01738785,2008,3.77,Low Market Rate
2015-04-01,0.18907315,0.01731316,2008,3.672,Low Market Rate
2015-05-01,0.19289339,0.01769978,2008,3.84,Low Market Rate
2015-06-01,0.21117049,0.019573,2008,3.9825,Low Market Rate
2015-07-01,0.18499077,0.01690185,2008,4.046,Mid Market Rate
2015-08-01,0.15609694,0.01404359,2008,3.905,Low Market Rate
2015-09-01,0.15528773,0.01396484,2008,3.89,Low Market Rate
2015-10-01,0.18018577,0.01642015,2008,3.796,Low Market Rate
2015-11-01,0.09231879,0.00803935,2008,3.9425,Low Market Rate
2015-12-01,0.20914867,0.01936384,2008,3.964,Low Market Rate
2016-01-01,0.16815068,0.01522491,2008,3.8725,Low Market Rate
2016-02-01,0.16761555,0.01517213,2008,3.66,Low Market Rate
2016-03-01,0.14862324,0.01331888,2008,3.694,Low Market Rate
2016-04-01,0.16000496,0.01442489,2008,3.605,Low Market Rate
2016-05-01,0.17321299,0.01572572,2008,3.6,Low Market Rate
2016-06-01,0.18915062,0.01732098,2008,3.568,Low Market Rate
2016-07-01,0.13797445,0.01229631,2008,3.44,Low Market Rate
2016-08-01,0.17001045,0.01540857,2008,3.435,Low Market Rate
2016-09-01,0.14192362,0.01267418,2008,3.46,Low Market Rate
2016-10-01,0.16091274,0.01451369,2008,3.47,Low Market Rate
2016-11-01,0.16657088,0.01506919,2008,3.77,Low Market Rate
2016-12-01,0.17578792,0.01598153,2008,4.198,Mid Market Rate
2017-01-01,0.12971487,0.0115111,2008,4.15,Mid Market Rate
2017-02-01,0.13447937,0.0119632,2008,4.1675,Mid Market Rate
2017-03-01,0.14424734,0.01289727,2008,4.196,Mid Market Rate
2017-04-01,0.13581542,0.01209039,2008,4.045,Mid Market Rate
2017-05-01,0.16224183,0.01464387,2008,4.01,Mid Market Rate
2017-06-01,0.15313086,0.01375528,2008,3.904,Low Market Rate
2017-07-01,0.12158701,0.01074506,2008,3.9675,Low Market Rate
2017-08-01,0.1547437,0.01391194,2008,3.88,Low Market Rate
2017-09-01,0.09765405,0.00852655,2008,3.805,Low Market Rate
2017-10-01,0.09918504,0.00866684,2008,3.895,Low Market Rate
2017-11-01,0.12365739,0.01093957,2008,3.922,Low Market Rate
2017-12-01,0.13415994,0.01193282,2008,3.95,Low Market Rate
2018-01-01,0.13425975,0.01194231,2008,4.032500000000001,Mid Market Rate
2018-02-01,0.07248808,0.00625118,2008,4.33,Mid Market Rate
2018-03-01,0.13191707,0.01171978,2008,4.444,Mid Market Rate
2018-04-01,0.1120488,0.00985433,2008,4.4675,Mid Market Rate
2018-05-01,0.08374902,0.00726225,2008,4.586,Mid Market Rate
2018-06-01,0.09311333,0.00811174,2008,4.57,Mid Market Rate
2018-07-01,0.07608582,0.00657298,2008,4.5275,Mid Market Rate
2018-08-01,0.10770367,0.00945147,2008,4.55,Mid Market Rate
2018-09-01,0.09045367,0.00786965,2008,4.6274999999999995,Mid Market Rate
2018-10-01,0.09398707,0.00819141,2008,4.83,Mid Market Rate
2018-11-01,0.07046296,0.00607055,2008,4.866,Mid Market Rate
2018-12-01,0.0571175,0.00488914,2008,4.6375,Mid Market Rate
2019-01-01,0.06681683,0.00574624,2008,4.464,Mid Market Rate
2019-02-01,0.04396436,0.00373966,2008,4.37,Mid Market Rate
2019-03-01,0.10910746,0.00958143,2008,4.265,Mid Market Rate
2019-04-01,0.09535746,0.00831651,2008,4.1425,Mid Market Rate
2019-05-01,0.10742686,0.00942586,2008,4.072,Mid Market Rate
2019-06-01,0.1227968,0.01085867,2008,3.8025,Low Market Rate
2019-07-01,0.12723233,0.01127643,2008,3.765,Low Market Rate
2019-08-01,0.08941917,0.00777566,2008,3.616,Low Market Rate
2019-09-01,0.11890422,0.01049363,2008,3.605,Low Market Rate
2019-10-01,0.09540497,0.00832085,2008,3.688,Low Market Rate
2019-11-01,0.09881427,0.00863285,2008,3.695,Low Market Rate
2019-12-01,0.10467751,0.00917195,2008,3.72,Low Market Rate
2020-01-01,0.1492768,0.01338203,2008,3.624,Low Market Rate
2020-02-01,0.08246044,0.00714598,2008,3.4650000000000003,Low Market Rate
2020-03-01,0.10555851,0.00925324,2008,3.45,Low Market Rate
2020-04-01,0.09948444,0.0086943,2008,3.306,Low Market Rate
2020-05-01,0.11472614,0.01010347,2008,3.2325,Low Market Rate
2020-06-01,0.14815031,0.01327322,2008,3.1625,Low Market Rate
2020-07-01,0.11711709,0.01032654,2008,3.016,Low Market Rate
2020-08-01,0.13012423,0.01154985,2008,2.935,Low Market Rate
2020-09-01,0.18036303,0.01643788,2008,2.89,Low Market Rate
2020-10-01,0.1770524,0.01610743,2008,2.834,Low Market Rate
2020-11-01,0.21093135,0.01954824,2008,2.765,Low Market Rate
2020-12-01,0.20960014,0.0194105,2008,2.684,Low Market Rate
2021-01-01,0.16893062,0.01530188,2008,2.735,Low Market Rate
2021-02-01,0.14599646,0.01306556,2008,2.81,Low Market Rate
2021-03-01,0.20484204,0.01891994,2008,3.0825,Low Market Rate
2021-04-01,0.20349774,0.01878182,2008,3.06,Low Market Rate
2021-05-01,0.14565087,0.01303228,2008,2.9625,Low Market Rate
2021-06-01,0.22300407,0.02080716,2008,2.975,Low Market Rate
2021-07-01,0.17947131,0.01634875,2008,2.868,Low Market Rate
2021-08-01,0.17914179,0.01631584,2008,2.8425,Low Market Rate
2021-09-01,0.10145234,0.00887501,2008,2.9,Low Market Rate
2021-10-01,0.18477494,0.01688016,2008,3.0675,Low Market Rate
2021-11-01,0.14059146,0.01254653,2008,3.0675,Low Market Rate
2021-12-01,0.17529534,0.01593254,2008,3.098,Low Market Rate
2022-01-01,0.21964128,0.0204547,2008,3.4450000000000003,Low Market Rate
2022-02-01,0.11344133,0.00998383,2008,3.7625,Low Market Rate
2022-03-01,0.20127373,0.0185538,2008,4.172,Mid Market Rate
2022-04-01,0.16002772,0.01442712,2008,4.9825,Mid Market Rate
2022-05-01,0.1025926,0.00897988,2008,5.2299999999999995,Mid Market Rate
2022-06-01,0.12892067,0.01143596,2008,5.522,Mid Market Rate
2022-07-01,0.07992135,0.00691731,2008,5.4125,Mid Market Rate
2022-08-01,0.10774384,0.00945518,2008,5.2225,Mid Market Rate
2022-09-01,0.05499782,0.00470291,2008,6.112,Mid Market Rate
2022-10-01,0.11256262,0.00990209,2008,6.9,High Market Rate
2022-11-01,0.0339995,0.00287843,2008,6.805,High Market Rate
2022-12-01,0.02694953,0.00227402,2008,6.364,High Market Rate
2023-01-01,0.0220181,0.00185362,2008,6.2725,High Market Rate
2023-02-01,0.035222,0.00298364,2008,6.2575,High Market Rate
2023-03-01,0.09221638,0.00803002,2008,6.544,High Market Rate
2023-04-01,0.08877931,0.00771758,2008,6.342499999999999,High Market Rate
2023-05-01,0.08162363,0.00707055,2008,6.425,High Market Rate
2023-06-01,0.04758136,0.00405431,2008,6.714,High Market Rate
2023-07-01,0.1204069,0.01063437,2008,6.84,High Market Rate
2023-08-01,0.05372195,0.004591,2008,7.072,High Market Rate
2023-09-01,0.035106,0.00297366,2008,7.2,High Market Rate
2023-10-01,0.01605344,0.00134773,2008,7.62,High Market Rate
2023-11-01,0.04698256,0.00400214,2008,7.442,High Market Rate
2023-12-01,0.04833314,0.00411984,2008,6.815,High Market Rate
2024-01-01,0.04474221,0.00380724,2008,6.6425,High Market Rate
2024-02-01,0.04395888,0.00373919,2008,6.776000000000001,High Market Rate
2024-03-01,0.04877843,0.00415868,2008,6.82,High Market Rate
2024-04-01,0.05097675,0.00435067,2008,6.9925,High Market Rate
2024-05-01,0.01524823,0.00127965,2008,7.06,High Market Rate
2024-06-01,0.05298457,0.00452638,2008,6.9175,High Market Rate
2024-07-01,0.07301427,0.00629818,2008,6.8475,High Market Rate
2024-08-01,0.02011177,0.00169163,2008,6.5,High Market Rate
2024-09-01,0.02518644,0.0021235,2008,6.18,High Market Rate
2024-10-01,0.04889678,0.00416901,2008,6.428,High Market Rate
2024-11-01,0.05626813,0.00481447,2008,6.805,High Market Rate
2024-12-01,0.02581589,0.00217721,2008,6.715,High Market Rate
2025-01-01,0.0715015,0.00616314,2008,6.958,High Market Rate
2025-02-01,0.02833584,0.00239255,2008,6.842499999999999,High Market Rate
2025-03-01,0.10266403,0.00898646,2008,6.65,High Market Rate
2025-04-01,0.09037617,0.0078626,2008,6.725,High Market Rate
2025-05-01,0.00940992,0.00078756,2008,6.816,High Market Rate
2025-06-01,0.04031397,0.00342322,2008,6.8175,High Market Rate
2025-07-01,0.0818962,0.00709511,2008,6.720000000000001,High Market Rate
2025-08-01,0.05072301,0.00432849,2008,6.5875,High Market Rate
2025-09-01,0.08108441,0.00702198,2008,6.3525,High Market Rate
2025-10-01,0.11674216,0.01029152,2008,6.254,High Market Rate
2025-11-01,0.02483783,0.00209376,2008,6.2375,High Market Rate
2025-12-01,0.04769121,0.00406388,2008,6.1899999999999995,High Market Rate
2026-01-01,0.0748413,0.00646153,2008,6.1025,Mid Market Rate
2026-02-01,0.02169989,0.00182656,2008,6.0475,Mid Market Rate
2026-03-01,0.07287611,0.00628583,2008,6.1775,Mid Market Rate
2019-02-01,0.0,0.0,2019,4.37,Mid Market Rate
2019-03-01,0.02723374,0.00229831,2019,4.265,Mid Market Rate
2019-04-01,0.03366781,0.0028499,2019,4.1425,Mid Market Rate
2019-05-01,0.03988071,0.00338573,2019,4.072,Mid Market Rate
2019-06-01,0.05014548,0.00427803,2019,3.8025,Low Market Rate
2019-07-01,0.10981895,0.00964736,2019,3.765,Low Market Rate
2019-08-01,0.12681109,0.01123667,2019,3.616,Low Market Rate
2019-09-01,0.16970512,0.01537839,2019,3.605,Low Market Rate
2019-10-01,0.19387504,0.0177994,2019,3.688,Low Market Rate
2019-11-01,0.1596846,0.01439357,2019,3.695,Low Market Rate
2019-12-01,0.15257478,0.01370133,2019,3.72,Low Market Rate
2020-01-01,0.13544718,0.01205532,2019,3.624,Low Market Rate
2020-02-01,0.16458429,0.01487376,2019,3.4650000000000003,Low Market Rate
2020-03-01,0.27238347,0.02615042,2019,3.45,Low Market Rate
2020-04-01,0.35672916,0.03609813,2019,3.306,Low Market Rate
2020-05-01,0.3401636,0.03405361,2019,3.2325,Low Market Rate
2020-06-01,0.38445726,0.03963089,2019,3.1625,Low Market Rate
2020-07-01,0.40912479,0.04289854,2019,3.016,Low Market Rate
2020-08-01,0.42759572,0.04542826,2019,2.935,Low Market Rate
2020-09-01,0.4379203,0.04687508,2019,2.89,Low Market Rate
2020-10-01,0.483487,0.0535665,2019,2.834,Low Market Rate
2020-11-01,0.45434959,0.04922839,2019,2.765,Low Market Rate
2020-12-01,0.48882276,0.05438513,2019,2.684,Low Market Rate
2021-01-01,0.44426755,0.04777668,2019,2.735,Low Market Rate
2021-02-01,0.4743554,0.05218331,2019,2.81,Low Market Rate
2021-03-01,0.52796744,0.06064231,2019,3.0825,Low Market Rate
2021-04-01,0.44721624,0.04819875,2019,3.06,Low Market Rate
2021-05-01,0.35476966,0.03585379,2019,2.9625,Low Market Rate
2021-06-01,0.39501451,0.04101441,2019,2.975,Low Market Rate
2021-07-01,0.38074298,0.0391493,2019,2.868,Low Market Rate
2021-08-01,0.39191863,0.04060642,2019,2.8425,Low Market Rate
2021-09-01,0.38662097,0.03991266,2019,2.9,Low Market Rate
2021-10-01,0.38130038,0.0392214,2019,3.0675,Low Market Rate
2021-11-01,0.36806907,0.03752572,2019,3.0675,Low Market Rate
2021-12-01,0.29749378,0.02899638,2019,3.098,Low Market Rate
2022-01-01,0.26169072,0.02496577,2019,3.4450000000000003,Low Market Rate
2022-02-01,0.2294419,0.02148584,2019,3.7625,Low Market Rate
2022-03-01,0.20354912,0.0187871,2019,4.172,Mid Market Rate
2022-04-01,0.1829412,0.01669607,2019,4.9825,Mid Market Rate
2022-05-01,0.13524986,0.01203653,2019,5.2299999999999995,Mid Market Rate
2022-06-01,0.13306478,0.01182874,2019,5.522,Mid Market Rate
2022-07-01,0.11186277,0.00983705,2019,5.4125,Mid Market Rate
2022-08-01,0.10226188,0.00894945,2019,5.2225,Mid Market Rate
2022-09-01,0.084779,0.00735529,2019,6.112,Mid Market Rate
2022-10-01,0.06460811,0.00555035,2019,6.9,High Market Rate
2022-11-01,0.06010959,0.00515268,2019,6.805,High Market Rate
2022-12-01,0.05494868,0.0046986,2019,6.364,High Market Rate
2023-01-01,0.03504688,0.00296856,2019,6.2725,High Market Rate
2023-02-01,0.03946463,0.00334975,2019,6.2575,High Market Rate
2023-03-01,0.05992961,0.0051368,2019,6.544,High Market Rate
2023-04-01,0.05206871,0.00444619,2019,6.342499999999999,High Market Rate
2023-05-01,0.06266179,0.00537808,2019,6.425,High Market Rate
2023-06-01,0.07933368,0.00686447,2019,6.714,High Market Rate
2023-07-01,0.06808785,0.00585916,2019,6.84,High Market Rate
2023-08-01,0.06911749,0.00595074,2019,7.072,High Market Rate
2023-09-01,0.06374405,0.00547383,2019,7.2,High Market Rate
2023-10-01,0.04780289,0.00407361,2019,7.62,High Market Rate
2023-11-01,0.04324038,0.00367682,2019,7.442,High Market Rate
2023-12-01,0.0355707,0.00301368,2019,6.815,High Market Rate
2024-01-01,0.03881664,0.00329374,2019,6.6425,High Market Rate
2024-02-01,0.04333482,0.00368501,2019,6.776000000000001,High Market Rate
2024-03-01,0.05227434,0.00446419,2019,6.82,High Market Rate
2024-04-01,0.07012804,0.00604071,2019,6.9925,High Market Rate
2024-05-01,0.06537686,0.00561848,2019,7.06,High Market Rate
2024-06-01,0.05480883,0.00468632,2019,6.9175,High Market Rate
2024-07-01,0.06520709,0.00560343,2019,6.8475,High Market Rate
2024-08-01,0.06269712,0.0053812,2019,6.5,High Market Rate
2024-09-01,0.05240721,0.00447582,2019,6.18,High Market Rate
2024-10-01,0.04989132,0.00425583,2019,6.428,High Market Rate
2024-11-01,0.04512197,0.00384025,2019,6.805,High Market Rate
2024-12-01,0.05459791,0.00466782,2019,6.715,High Market Rate
2025-01-01,0.0348278,0.0029497,2019,6.958,High Market Rate
2025-02-01,0.04216684,0.0035837,2019,6.842499999999999,High Market Rate
2025-03-01,0.05430569,0.00464218,2019,6.65,High Market Rate
2025-04-01,0.04744686,0.00404259,2019,6.725,High Market Rate
2025-05-01,0.06427221,0.00552059,2019,6.816,High Market Rate
2025-06-01,0.06403582,0.00549966,2019,6.8175,High Market Rate
2025-07-01,0.07841319,0.00678176,2019,6.720000000000001,High Market Rate
2025-08-01,0.05890024,0.00504607,2019,6.5875,High Market Rate
2025-09-01,0.05972739,0.00511897,2019,6.3525,High Market Rate
2025-10-01,0.06275706,0.0053865,2019,6.254,High Market Rate
2025-11-01,0.04604584,0.0039206,2019,6.2375,High Market Rate
2025-12-01,0.05600343,0.00479121,2019,6.1899999999999995,High Market Rate
2026-01-01,0.0473355,0.00403289,2019,6.1025,Mid Market Rate
2026-02-01,0.04791349,0.00408326,2019,6.0475,Mid Market Rate
2026-03-01,0.05226505,0.00446338,2019,6.1775,Mid Market Rate
2020-02-01,0.0,0.0,2020,3.4650000000000003,Low Market Rate
2020-03-01,0.01020405,0.00085434,2020,3.45,Low Market Rate
2020-04-01,0.01630664,0.00136915,2020,3.306,Low Market Rate
2020-05-01,0.03049429,0.00257742,2020,3.2325,Low Market Rate
2020-06-01,0.05184872,0.00442694,2020,3.1625,Low Market Rate
2020-07-01,0.11297062,0.00994003,2020,3.016,Low Market Rate
2020-08-01,0.13539282,0.01205014,2020,2.935,Low Market Rate
2020-09-01,0.18917418,0.01732336,2020,2.89,Low Market Rate
2020-10-01,0.21192121,0.01965079,2020,2.834,Low Market Rate
2020-11-01,0.19950397,0.01837277,2020,2.765,Low Market Rate
2020-12-01,0.21826724,0.02031109,2020,2.684,Low Market Rate
2021-01-01,0.19997984,0.01842141,2020,2.735,Low Market Rate
2021-02-01,0.21203121,0.01966219,2020,2.81,Low Market Rate
2021-03-01,0.25235379,0.02394413,2020,3.0825,Low Market Rate
2021-04-01,0.17930094,0.01633173,2020,3.06,Low Market Rate
2021-05-01,0.15061498,0.01351145,2020,2.9625,Low Market Rate
2021-06-01,0.18840515,0.01724573,2020,2.975,Low Market Rate
2021-07-01,0.1736169,0.0157658,2020,2.868,Low Market Rate
2021-08-01,0.23175937,0.02173142,2020,2.8425,Low Market Rate
2021-09-01,0.23022196,0.02156842,2020,2.9,Low Market Rate
2021-10-01,0.19278437,0.01768872,2020,3.0675,Low Market Rate
2021-11-01,0.18327338,0.01672939,2020,3.0675,Low Market Rate
2021-12-01,0.16621514,0.01503416,2020,3.098,Low Market Rate
2022-01-01,0.12770297,0.01132087,2020,3.4450000000000003,Low Market Rate
2022-02-01,0.10628767,0.00932057,2020,3.7625,Low Market Rate
2022-03-01,0.11292987,0.00993624,2020,4.172,Mid Market Rate
2022-04-01,0.08771349,0.00762091,2020,4.9825,Mid Market Rate
2022-05-01,0.08402044,0.00728676,2020,5.2299999999999995,Mid Market Rate
2022-06-01,0.0715204,0.00616482,2020,5.522,Mid Market Rate
2022-07-01,0.0625629,0.00536934,2020,5.4125,Mid Market Rate
2022-08-01,0.0674463,0.00580215,2020,5.2225,Mid Market Rate
2022-09-01,0.04799583,0.00409043,2020,6.112,Mid Market Rate
2022-10-01,0.05506137,0.00470849,2020,6.9,High Market Rate
2022-11-01,0.033347,0.00282232,2020,6.805,High Market Rate
2022-12-01,0.02792048,0.00235702,2020,6.364,High Market Rate
2023-01-01,0.0247924,0.00208989,2020,6.2725,High Market Rate
2023-02-01,0.03716866,0.00315144,2020,6.2575,High Market Rate
2023-03-01,0.04734542,0.00403375,2020,6.544,High Market Rate
2023-04-01,0.05131368,0.00438013,2020,6.342499999999999,High Market Rate
2023-05-01,0.04994311,0.00426035,2020,6.425,High Market Rate
2023-06-01,0.05302214,0.00452967,2020,6.714,High Market Rate
2023-07-01,0.04684491,0.00399016,2020,6.84,High Market Rate
2023-08-01,0.04643069,0.00395409,2020,7.072,High Market Rate
2023-09-01,0.04260245,0.00362147,2020,7.2,High Market Rate
2023-10-01,0.04042289,0.00343265,2020,7.62,High Market Rate
2023-11-01,0.0252493,0.00212886,2020,7.442,High Market Rate
2023-12-01,0.02441429,0.00205765,2020,6.815,High Market Rate
2024-01-01,0.02947913,0.00249042,2020,6.6425,High Market Rate
2024-02-01,0.02803903,0.00236716,2020,6.776000000000001,High Market Rate
2024-03-01,0.03811254,0.00323291,2020,6.82,High Market Rate
2024-04-01,0.03918969,0.00332598,2020,6.9925,High Market Rate
2024-05-01,0.04976946,0.00424518,2020,7.06,High Market Rate
2024-06-01,0.04982046,0.00424964,2020,6.9175,High Market Rate
2024-07-01,0.04656848,0.00396609,2020,6.8475,High Market Rate
2024-08-01,0.04839954,0.00412563,2020,6.5,High Market Rate
2024-09-01,0.04623968,0.00393747,2020,6.18,High Market Rate
2024-10-01,0.03668693,0.00310989,2020,6.428,High Market Rate
2024-11-01,0.03916277,0.00332365,2020,6.805,High Market Rate
2024-12-01,0.03850188,0.00326654,2020,6.715,High Market Rate
2025-01-01,0.02824729,0.00238498,2020,6.958,High Market Rate
2025-02-01,0.03405143,0.00288289,2020,6.842499999999999,High Market Rate
2025-03-01,0.0428411,0.00364217,2020,6.65,High Market Rate
2025-04-01,0.04388401,0.00373269,2020,6.725,High Market Rate
2025-05-01,0.04950877,0.00422242,2020,6.816,High Market Rate
2025-06-01,0.04412517,0.00375363,2020,6.8175,High Market Rate
2025-07-01,0.04514072,0.00384188,2020,6.720000000000001,High Market Rate
2025-08-01,0.05452323,0.00466127,2020,6.5875,High Market Rate
2025-09-01,0.03722576,0.00315637,2020,6.3525,High Market Rate
2025-10-01,0.04781456,0.00407463,2020,6.254,High Market Rate
2025-11-01,0.04146977,0.00352329,2020,6.2375,High Market Rate
2025-12-01,0.03908689,0.00331709,2020,6.1899999999999995,High Market Rate
2026-01-01,0.02943091,0.0024863,2020,6.1025,Mid Market Rate
2026-02-01,0.02613813,0.00220472,2020,6.0475,Mid Market Rate
2026-03-01,0.04491823,0.00382254,2020,6.1775,Mid Market Rate
2021-02-01,0.0,0.0,2021,2.81,Low Market Rate
2021-03-01,0.00871585,0.00072924,2021,3.0825,Low Market Rate
2021-04-01,0.02455067,0.00206928,2021,3.06,Low Market Rate
2021-05-01,0.0205296,0.00172711,2021,2.9625,Low Market Rate
2021-06-01,0.02977298,0.0025156,2021,2.975,Low Market Rate
2021-07-01,0.04685448,0.00399099,2021,2.868,Low Market Rate
2021-08-01,0.05627599,0.00481516,2021,2.8425,Low Market Rate
2021-09-01,0.06412976,0.00550798,2021,2.9,Low Market Rate
2021-10-01,0.0598235,0.00512745,2021,3.0675,Low Market Rate
2021-11-01,0.05738005,0.00491224,2021,3.0675,Low Market Rate
2021-12-01,0.06306726,0.00541394,2021,3.098,Low Market Rate
2022-01-01,0.05653737,0.00483813,2021,3.4450000000000003,Low Market Rate
2022-02-01,0.0521034,0.00444923,2021,3.7625,Low Market Rate
2022-03-01,0.05324856,0.00454951,2021,4.172,Mid Market Rate
2022-04-01,0.05804474,0.00497073,2021,4.9825,Mid Market Rate
2022-05-01,0.05678358,0.00485978,2021,5.2299999999999995,Mid Market Rate
2022-06-01,0.06161737,0.00528577,2021,5.522,Mid Market Rate
2022-07-01,0.04441385,0.00377871,2021,5.4125,Mid Market Rate
2022-08-01,0.05134779,0.00438312,2021,5.2225,Mid Market Rate
2022-09-01,0.04150861,0.00352666,2021,6.112,Mid Market Rate
2022-10-01,0.03008289,0.00254215,2021,6.9,High Market Rate
2022-11-01,0.0270881,0.00228586,2021,6.805,High Market Rate
2022-12-01,0.02447721,0.00206302,2021,6.364,High Market Rate
2023-01-01,0.02367493,0.00199465,2021,6.2725,High Market Rate
2023-02-01,0.02471195,0.00208303,2021,6.2575,High Market Rate
2023-03-01,0.03908334,0.00331679,2021,6.544,High Market Rate
2023-04-01,0.03373395,0.00285559,2021,6.342499999999999,High Market Rate
2023-05-01,0.04254225,0.00361625,2021,6.425,High Market Rate
2023-06-01,0.047341,0.00403337,2021,6.714,High Market Rate
2023-07-01,0.0414763,0.00352386,2021,6.84,High Market Rate
2023-08-01,0.04333097,0.00368468,2021,7.072,High Market Rate
2023-09-01,0.03422365,0.00289771,2021,7.2,High Market Rate
2023-10-01,0.03448264,0.00291999,2021,7.62,High Market Rate
2023-11-01,0.02394386,0.00201756,2021,7.442,High Market Rate
2023-12-01,0.0301906,0.00255138,2021,6.815,High Market Rate
2024-01-01,0.02255849,0.0018996,2021,6.6425,High Market Rate
2024-02-01,0.02479123,0.00208979,2021,6.776000000000001,High Market Rate
2024-03-01,0.03578121,0.00303182,2021,6.82,High Market Rate
2024-04-01,0.03712231,0.00314744,2021,6.9925,High Market Rate
2024-05-01,0.0480362,0.00409395,2021,7.06,High Market Rate
2024-06-01,0.04127409,0.00350634,2021,6.9175,High Market Rate
2024-07-01,0.04914476,0.00419065,2021,6.8475,High Market Rate
2024-08-01,0.04693314,0.00399784,2021,6.5,High Market Rate
2024-09-01,0.03711236,0.00314659,2021,6.18,High Market Rate
2024-10-01,0.04512743,0.00384072,2021,6.428,High Market Rate
2024-11-01,0.03460321,0.00293037,2021,6.805,High Market Rate
2024-12-01,0.03785637,0.0032108,2021,6.715,High Market Rate
2025-01-01,0.02587718,0.00218244,2021,6.958,High Market Rate
2025-02-01,0.0288152,0.00243358,2021,6.842499999999999,High Market Rate
2025-03-01,0.03990346,0.0033877,2021,6.65,High Market Rate
2025-04-01,0.0403808,0.003429,2021,6.725,High Market Rate
2025-05-01,0.0485257,0.00413664,2021,6.816,High Market Rate
2025-06-01,0.05314341,0.0045403,2021,6.8175,High Market Rate
2025-07-01,0.05462767,0.00467043,2021,6.720000000000001,High Market Rate
2025-08-01,0.0423005,0.00359529,2021,6.5875,High Market Rate
2025-09-01,0.04184671,0.00355595,2021,6.3525,High Market Rate
2025-10-01,0.0499207,0.00425839,2021,6.254,High Market Rate
2025-11-01,0.0332522,0.00281417,2021,6.2375,High Market Rate
2025-12-01,0.03745751,0.00317637,2021,6.1899999999999995,High Market Rate
2026-01-01,0.02901696,0.00245085,2021,6.1025,Mid Market Rate
2026-02-01,0.02711489,0.00228815,2021,6.0475,Mid Market Rate
2026-03-01,0.04434339,0.00377258,2021,6.1775,Mid Market Rate
2022-02-01,0.0,0.0,2022,3.7625,Low Market Rate
2022-03-01,0.02005323,0.00168666,2022,4.172,Mid Market Rate
2022-04-01,0.02006923,0.00168802,2022,4.9825,Mid Market Rate
2022-05-01,0.028689,0.00242278,2022,5.2299999999999995,Mid Market Rate
2022-06-01,0.02350493,0.00198017,2022,5.522,Mid Market Rate
2022-07-01,0.03331559,0.00281962,2022,5.4125,Mid Market Rate
2022-08-01,0.02939332,0.00248308,2022,5.2225,Mid Market Rate
2022-09-01,0.03015286,0.00254815,2022,6.112,Mid Market Rate
2022-10-01,0.02899471,0.00244894,2022,6.9,High Market Rate
2022-11-01,0.02092109,0.00176037,2022,6.805,High Market Rate
2022-12-01,0.01857321,0.0015611,2022,6.364,High Market Rate
2023-01-01,0.02072928,0.00174407,2022,6.2725,High Market Rate
2023-02-01,0.02422957,0.00204191,2022,6.2575,High Market Rate
2023-03-01,0.0424297,0.00360649,2022,6.544,High Market Rate
2023-04-01,0.03707133,0.00314305,2022,6.342499999999999,High Market Rate
2023-05-01,0.04223169,0.00358932,2022,6.425,High Market Rate
2023-06-01,0.05582147,0.00477523,2022,6.714,High Market Rate
2023-07-01,0.04414574,0.00375542,2022,6.84,High Market Rate
2023-08-01,0.0522977,0.00446623,2022,7.072,High Market Rate
2023-09-01,0.04037257,0.00342829,2022,7.2,High Market Rate
2023-10-01,0.04242482,0.00360607,2022,7.62,High Market Rate
2023-11-01,0.03257971,0.00275638,2022,7.442,High Market Rate
2023-12-01,0.0299757,0.00253297,2022,6.815,High Market Rate
2024-01-01,0.03011845,0.0025452,2022,6.6425,High Market Rate
2024-02-01,0.03735499,0.00316752,2022,6.776000000000001,High Market Rate
2024-03-01,0.04614309,0.00392906,2022,6.82,High Market Rate
2024-04-01,0.05332973,0.00455662,2022,6.9925,High Market Rate
2024-05-01,0.05983712,0.00512865,2022,7.06,High Market Rate
2024-06-01,0.05153899,0.00439984,2022,6.9175,High Market Rate
2024-07-01,0.05894799,0.00505028,2022,6.8475,High Market Rate
2024-08-01,0.06185351,0.00530663,2022,6.5,High Market Rate
2024-09-01,0.05388565,0.00460535,2022,6.18,High Market Rate
2024-10-01,0.07272897,0.00627269,2022,6.428,High Market Rate
2024-11-01,0.05864762,0.00502382,2022,6.805,High Market Rate
2024-12-01,0.05798804,0.00496574,2022,6.715,High Market Rate
2025-01-01,0.04129785,0.0035084,2022,6.958,High Market Rate
2025-02-01,0.04528362,0.0038543,2022,6.842499999999999,High Market Rate
2025-03-01,0.05670218,0.00485262,2022,6.65,High Market Rate
2025-04-01,0.07498994,0.00647484,2022,6.725,High Market Rate
2025-05-01,0.06420232,0.0055144,2022,6.816,High Market Rate
2025-06-01,0.07080772,0.00610128,2022,6.8175,High Market Rate
2025-07-01,0.07674685,0.00663223,2022,6.720000000000001,High Market Rate
2025-08-01,0.07934437,0.00686543,2022,6.5875,High Market Rate
2025-09-01,0.06109697,0.00523981,2022,6.3525,High Market Rate
2025-10-01,0.08656367,0.00751674,2022,6.254,High Market Rate
2025-11-01,0.06429326,0.00552246,2022,6.2375,High Market Rate
2025-12-01,0.07473092,0.00645166,2022,6.1899999999999995,High Market Rate
2026-01-01,0.05455735,0.00466426,2022,6.1025,Mid Market Rate
2026-02-01,0.06737582,0.00579589,2022,6.0475,Mid Market Rate
2026-03-01,0.09000342,0.00782873,2022,6.1775,Mid Market Rate
